timestamp,current,max_capacity,percentageUsed
2026-03-09 14:29:31,31,35,88.57142857142857
2026-03-09 14:39:31,25,35,71.42857142857143
2026-03-09 14:43:33,26,35,74.28571428571429
2026-03-09 14:48:33,26,35,74.28571428571429
2026-03-09 14:53:34,28,35,80
2026-03-09 14:58:34,23,35,65.71428571428571
2026-03-09 15:03:34,22,35,62.857142857142854
2026-03-09 15:08:35,22,35,62.857142857142854
2026-03-09 15:13:35,25,35,71.42857142857143
2026-03-09 15:18:35,24,35,68.57142857142857
2026-03-09 15:23:36,23,35,65.71428571428571
2026-03-09 15:28:36,24,35,68.57142857142857
2026-03-09 15:33:36,22,35,62.857142857142854
2026-03-09 15:38:30,21,35,60
2026-03-09 15:43:30,23,35,65.71428571428571
2026-03-09 15:48:31,24,35,68.57142857142857
2026-03-09 15:51:58,23,35,65.71428571428571
2026-03-09 15:57:07,22,35,62.857142857142854
2026-03-09 16:02:08,27,35,77.14285714285715
2026-03-09 16:07:09,31,35,88.57142857142857
2026-03-09 16:12:09,29,35,82.85714285714286
2026-03-09 16:17:10,27,35,77.14285714285715
2026-03-09 16:22:10,27,35,77.14285714285715
2026-03-09 16:27:11,27,35,77.14285714285715
2026-03-09 16:32:12,30,35,85.71428571428571
2026-03-09 16:37:12,33,35,94.28571428571428
2026-03-09 16:42:13,33,35,94.28571428571428
2026-03-09 16:47:14,32,35,91.42857142857143
2026-03-09 16:52:14,31,35,88.57142857142857
2026-03-09 16:06:20,31,35,88.57142857142857
2026-03-09 18:25:16,46,35,131.42857142857142
2026-03-09 19:05:17,41,35,117.14285714285715
2026-03-09 20:06:46,28,35,80
2026-03-09 20:48:20,31,35,88.57142857142857
2026-03-09 21:16:42,25,35,71.42857142857143
2026-03-09 21:53:04,10,35,28.57142857142857
2026-03-09 22:22:23,5,35,14.285714285714285
2026-03-09 22:51:36,5,35,14.285714285714285
2026-03-09 23:15:28,4,35,11.428571428571429
2026-03-09 23:48:45,2,35,5.714285714285714
2026-03-10 00:14:15,0,35,0
2026-03-10 00:44:21,0,35,0
2026-03-10 00:58:10,0,35,0
2026-03-10 05:27:48,1,35,2.857142857142857
2026-03-10 06:32:16,12,35,34.285714285714285
2026-03-10 07:07:13,10,35,28.57142857142857
2026-03-10 08:06:03,12,35,34.285714285714285
2026-03-10 08:51:49,12,35,34.285714285714285
2026-03-10 09:24:47,12,35,34.285714285714285
2026-03-10 10:06:39,18,35,51.42857142857142
2026-03-10 10:58:25,26,35,74.28571428571429
2026-03-10 11:44:15,18,35,51.42857142857142
2026-03-10 12:20:52,12,35,34.285714285714285
2026-03-10 12:50:52,12,35,34.285714285714285
2026-03-10 13:28:20,17,35,48.57142857142857
2026-03-10 14:43:18,22,35,62.857142857142854
2026-03-10 15:31:42,23,35,65.71428571428571
2026-03-10 16:38:32,33,35,94.28571428571428
2026-03-10 17:37:13,48,35,137.14285714285714
2026-03-10 18:27:54,35,35,100
2026-03-10 19:07:52,35,35,100
2026-03-10 20:06:18,22,35,62.857142857142854
2026-03-10 20:48:43,18,35,51.42857142857142
2026-03-10 21:17:17,15,35,42.857142857142854
2026-03-10 21:51:56,6,35,17.142857142857142
2026-03-10 22:18:27,4,35,11.428571428571429
2026-03-10 22:45:28,4,35,11.428571428571429
2026-03-10 22:59:59,3,35,8.571428571428571
2026-03-10 23:36:39,0,35,0
2026-03-10 23:58:16,0,35,0
2026-03-11 00:31:15,0,35,0
2026-03-11 00:52:50,0,35,0
2026-03-11 01:59:09,0,35,0
2026-03-11 05:29:15,2,35,5.714285714285714
2026-03-11 06:34:30,4,35,11.428571428571429
2026-03-11 07:29:08,16,35,45.714285714285715
2026-03-11 08:27:26,20,35,57.14285714285714
2026-03-11 09:01:09,13,35,37.142857142857146
2026-03-11 09:55:40,20,35,57.14285714285714
2026-03-11 10:38:28,14,35,40
2026-03-11 11:23:01,15,35,42.857142857142854
2026-03-11 12:04:32,21,35,60
2026-03-11 12:44:28,17,35,48.57142857142857
2026-03-11 13:03:01,20,35,57.14285714285714
2026-03-11 14:23:13,31,35,88.57142857142857
2026-03-11 15:14:35,28,35,80
2026-03-11 16:07:13,34,35,97.14285714285714
2026-03-11 16:59:39,41,35,117.14285714285715
2026-03-11 18:01:22,46,35,131.42857142857142
2026-03-11 18:54:24,40,35,114.28571428571428
2026-03-11 19:43:45,30,35,85.71428571428571
2026-03-11 20:30:47,26,35,74.28571428571429
2026-03-11 21:00:30,21,35,60
2026-03-11 21:41:58,11,35,31.428571428571427
2026-03-11 22:04:05,6,35,17.142857142857142
2026-03-11 22:44:58,5,35,14.285714285714285
2026-03-11 23:01:12,4,35,11.428571428571429
2026-03-11 23:35:45,3,35,8.571428571428571
2026-03-11 23:55:08,2,35,5.714285714285714
2026-03-12 00:20:38,0,35,0
2026-03-12 00:44:49,0,35,0
2026-03-12 01:00:03,0,35,0
2026-03-12 05:43:52,2,35,5.714285714285714
2026-03-12 06:40:37,17,35,48.57142857142857
2026-03-12 07:33:53,16,35,45.714285714285715
2026-03-12 08:30:56,9,35,25.71428571428571
2026-03-12 09:03:11,16,35,45.714285714285715
2026-03-12 09:57:05,17,35,48.57142857142857
2026-03-12 10:42:25,27,35,77.14285714285715
2026-03-12 11:24:08,25,35,71.42857142857143
2026-03-12 12:04:17,36,35,102.85714285714285
2026-03-12 12:39:20,30,35,85.71428571428571
2026-03-12 12:57:27,27,35,77.14285714285715
2026-03-12 14:02:18,22,35,62.857142857142854
2026-03-12 15:07:38,17,35,48.57142857142857
2026-03-12 16:05:43,27,35,77.14285714285715
2026-03-12 17:11:01,40,35,114.28571428571428
2026-03-12 18:10:08,23,35,65.71428571428571
2026-03-12 19:01:30,36,35,102.85714285714285
2026-03-12 20:05:30,27,35,77.14285714285715
2026-03-12 20:49:26,26,35,74.28571428571429
2026-03-12 21:18:59,11,35,31.428571428571427
2026-03-12 21:55:38,11,35,31.428571428571427
2026-03-12 22:28:45,9,35,25.71428571428571
2026-03-12 22:56:14,4,35,11.428571428571429
2026-03-12 23:23:02,5,35,14.285714285714285
2026-03-12 23:49:18,2,35,5.714285714285714
2026-03-13 00:13:53,0,35,0
2026-03-13 00:43:48,0,35,0
2026-03-13 00:59:25,0,35,0
2026-03-13 05:41:42,0,35,0
2026-03-13 06:37:33,7,35,20
2026-03-13 07:31:05,10,35,28.57142857142857
2026-03-13 08:28:33,19,35,54.285714285714285
2026-03-13 09:01:53,17,35,48.57142857142857
2026-03-13 09:54:03,17,35,48.57142857142857
2026-03-13 10:31:34,18,35,51.42857142857142
2026-03-13 11:04:53,18,35,51.42857142857142
2026-03-13 11:53:06,17,35,48.57142857142857
2026-03-13 12:22:49,19,35,54.285714285714285
2026-03-13 12:49:44,27,35,77.14285714285715
2026-03-13 13:26:28,21,35,60
2026-03-13 14:38:45,16,35,45.714285714285715
2026-03-13 15:26:21,21,35,60
2026-03-13 16:08:15,25,35,71.42857142857143
2026-03-13 16:56:14,24,35,68.57142857142857
2026-03-13 17:37:31,30,35,85.71428571428571
2026-03-13 18:19:57,29,35,82.85714285714286
2026-03-13 18:54:00,27,35,77.14285714285715
2026-03-13 19:30:05,20,35,57.14285714285714
2026-03-13 20:10:08,10,35,28.57142857142857
2026-03-13 20:45:49,8,35,22.857142857142858
2026-03-13 21:02:57,9,35,25.71428571428571
2026-03-13 21:49:23,2,35,5.714285714285714
2026-03-13 22:19:37,1,35,2.857142857142857
2026-03-13 22:51:21,0,35,0
2026-03-13 23:16:10,1,35,2.857142857142857
2026-03-13 23:47:13,1,35,2.857142857142857
2026-03-14 00:03:53,0,35,0
2026-03-14 00:38:16,0,35,0
2026-03-14 00:57:28,0,35,0
2026-03-14 05:28:45,2,35,5.714285714285714
2026-03-14 06:31:48,4,35,11.428571428571429
2026-03-14 07:08:11,6,35,17.142857142857142
2026-03-14 08:04:37,7,35,20
2026-03-14 08:45:50,15,35,42.857142857142854
2026-03-14 09:01:31,11,35,31.428571428571427
2026-03-14 09:48:27,23,35,65.71428571428571
2026-03-14 10:18:34,35,35,100
2026-03-14 10:51:41,45,35,128.57142857142858
2026-03-14 11:14:52,31,35,88.57142857142857
2026-03-14 11:47:57,29,35,82.85714285714286
2026-03-14 12:02:27,30,35,85.71428571428571
2026-03-14 12:33:31,27,35,77.14285714285715
2026-03-14 12:52:09,28,35,80
2026-03-14 13:20:34,29,35,82.85714285714286
2026-03-14 14:16:19,21,35,60
2026-03-14 14:55:30,19,35,54.285714285714285
2026-03-14 15:24:34,24,35,68.57142857142857
2026-03-14 15:52:10,24,35,68.57142857142857
2026-03-14 16:15:30,15,35,42.857142857142854
2026-03-14 16:44:54,15,35,42.857142857142854
2026-03-14 17:00:54,18,35,51.42857142857142
2026-03-14 17:42:13,16,35,45.714285714285715
2026-03-14 18:02:37,10,35,28.57142857142857
2026-03-14 18:36:51,7,35,20
2026-03-14 18:56:51,7,35,20
2026-03-14 19:37:46,5,35,14.285714285714285
2026-03-14 20:06:05,5,35,14.285714285714285
2026-03-14 20:37:20,5,35,14.285714285714285
2026-03-14 20:53:17,4,35,11.428571428571429
2026-03-14 21:15:58,4,35,11.428571428571429
2026-03-14 21:46:45,4,35,11.428571428571429
2026-03-14 22:03:37,5,35,14.285714285714285
2026-03-14 22:36:24,4,35,11.428571428571429
2026-03-14 22:54:56,2,35,5.714285714285714
2026-03-14 23:19:45,0,35,0
2026-03-14 23:47:41,1,35,2.857142857142857
2026-03-15 00:13:24,0,35,0
2026-03-15 00:43:17,0,35,0
2026-03-15 00:59:09,0,35,0
2026-03-15 06:01:18,0,35,0
2026-03-15 07:08:16,1,35,2.857142857142857
2026-03-15 08:12:19,9,35,25.71428571428571
2026-03-15 08:53:10,20,35,57.14285714285714
2026-03-15 09:24:49,17,35,48.57142857142857
2026-03-15 09:59:33,18,35,51.42857142857142
2026-03-15 10:41:21,28,35,80
2026-03-15 11:01:18,30,35,85.71428571428571
2026-03-15 11:41:06,24,35,68.57142857142857
2026-03-15 12:02:07,24,35,68.57142857142857
2026-03-15 12:34:59,25,35,71.42857142857143
2026-03-15 12:53:26,24,35,68.57142857142857
2026-03-15 13:29:51,33,35,94.28571428571428
2026-03-15 14:30:27,23,35,65.71428571428571
2026-03-15 15:03:31,21,35,60
2026-03-15 15:44:05,31,35,88.57142857142857
2026-03-15 16:03:18,28,35,80
2026-03-15 16:39:10,32,35,91.42857142857143
2026-03-15 16:58:06,25,35,71.42857142857143
2026-03-15 17:36:01,24,35,68.57142857142857
2026-03-15 18:00:26,15,35,42.857142857142854
2026-03-15 18:36:55,17,35,48.57142857142857
2026-03-15 18:57:55,14,35,40
2026-03-15 19:41:55,9,35,25.71428571428571
2026-03-15 20:16:30,13,35,37.142857142857146
2026-03-15 20:44:28,11,35,31.428571428571427
2026-03-15 20:59:07,10,35,28.57142857142857
2026-03-15 21:36:22,7,35,20
2026-03-15 21:58:28,4,35,11.428571428571429
2026-03-15 22:32:07,3,35,8.571428571428571
2026-03-15 22:53:32,2,35,5.714285714285714
2026-03-15 23:17:16,0,35,0
2026-03-15 23:49:49,0,35,0
2026-03-16 00:16:19,0,35,0
2026-03-16 00:46:44,0,35,0
2026-03-16 01:03:02,0,35,0
2026-03-16 06:10:39,5,35,14.285714285714285
2026-03-16 07:48:57,12,35,34.285714285714285
2026-03-16 08:58:52,17,35,48.57142857142857
2026-03-16 10:03:03,14,35,40
2026-03-16 11:12:41,23,35,65.71428571428571
2026-03-16 12:11:22,20,35,57.14285714285714
2026-03-16 12:57:03,17,35,48.57142857142857
2026-03-16 14:12:13,18,35,51.42857142857142
2026-03-16 15:38:50,31,35,88.57142857142857
2026-03-16 16:43:47,51,35,145.7142857142857
2026-03-16 17:43:31,48,35,137.14285714285714
2026-03-16 18:44:48,38,35,108.57142857142857
2026-03-16 19:39:27,38,35,108.57142857142857
2026-03-16 20:40:18,40,35,114.28571428571428
2026-03-16 21:05:38,28,35,80
2026-03-16 21:54:24,13,35,37.142857142857146
2026-03-16 22:31:56,5,35,14.285714285714285
2026-03-16 23:04:01,5,35,14.285714285714285
2026-03-16 23:47:47,3,35,8.571428571428571
2026-03-17 00:16:40,0,35,0
2026-03-17 00:45:48,0,35,0
2026-03-17 01:01:50,0,35,0
2026-03-17 05:48:02,0,35,0
2026-03-17 06:47:51,19,35,54.285714285714285
2026-03-17 07:45:48,15,35,42.857142857142854
2026-03-17 08:43:07,9,35,25.71428571428571
2026-03-17 09:32:27,11,35,31.428571428571427
2026-03-17 10:32:16,16,35,45.714285714285715
2026-03-17 11:28:33,36,35,102.85714285714285
2026-03-17 12:23:56,16,35,45.714285714285715
2026-03-17 13:00:10,16,35,45.714285714285715
2026-03-17 14:43:22,16,35,45.714285714285715
2026-03-17 15:42:56,30,35,85.71428571428571
2026-03-17 16:45:37,37,35,105.71428571428572
2026-03-17 17:46:24,32,35,91.42857142857143
2026-03-17 18:44:52,26,35,74.28571428571429
2026-03-17 19:38:18,26,35,74.28571428571429
2026-03-17 20:40:01,18,35,51.42857142857142
2026-03-17 21:20:22,11,35,31.428571428571427
2026-03-17 21:59:45,6,35,17.142857142857142
2026-03-17 22:46:49,10,35,28.57142857142857
2026-03-17 23:18:37,5,35,14.285714285714285
2026-03-17 23:54:25,3,35,8.571428571428571
2026-03-18 00:25:15,0,35,0
2026-03-18 00:53:23,0,35,0
2026-03-18 02:14:24,0,35,0
2026-03-18 05:52:36,2,35,5.714285714285714
2026-03-18 06:54:59,15,35,42.857142857142854
2026-03-18 07:55:17,11,35,31.428571428571427
2026-03-18 08:49:08,16,35,45.714285714285715
2026-03-18 09:32:31,18,35,51.42857142857142
2026-03-18 10:31:59,18,35,51.42857142857142
2026-03-18 11:31:17,14,35,40
2026-03-18 12:26:59,18,35,51.42857142857142
2026-03-18 13:04:42,16,35,45.714285714285715
2026-03-18 14:49:24,19,35,54.285714285714285
2026-03-18 15:53:45,33,35,94.28571428571428
2026-03-18 17:01:00,46,35,131.42857142857142
2026-03-18 18:13:14,33,35,94.28571428571428
2026-03-18 19:10:17,1,35,2.857142857142857
2026-03-18 20:17:05,0,35,0
2026-03-18 20:54:34,12,35,34.285714285714285
2026-03-18 21:28:51,12,35,34.285714285714285
2026-03-18 22:04:30,9,35,25.71428571428571
2026-03-18 22:47:12,6,35,17.142857142857142
2026-03-18 23:17:28,8,35,22.857142857142858
2026-03-18 23:49:57,2,35,5.714285714285714
2026-03-19 00:17:51,0,35,0
2026-03-19 00:45:55,0,35,0
2026-03-19 01:01:54,0,35,0
2026-03-19 05:51:09,2,35,5.714285714285714
2026-03-19 06:47:53,19,35,54.285714285714285
2026-03-19 07:40:21,16,35,45.714285714285715
2026-03-19 08:35:41,13,35,37.142857142857146
2026-03-19 09:06:06,12,35,34.285714285714285
2026-03-19 09:59:23,7,35,20
2026-03-19 10:53:51,24,35,68.57142857142857
2026-03-19 11:31:15,21,35,60
2026-03-19 12:10:00,23,35,65.71428571428571
2026-03-19 12:49:37,16,35,45.714285714285715
2026-03-19 13:29:46,13,35,37.142857142857146
2026-03-19 14:49:31,13,35,37.142857142857146
2026-03-19 15:38:29,20,35,57.14285714285714
2026-03-19 16:33:12,16,35,45.714285714285715
2026-03-19 17:34:25,19,35,54.285714285714285
2026-03-19 18:36:46,26,35,74.28571428571429
2026-03-19 19:30:25,26,35,74.28571428571429
2026-03-19 20:29:26,30,35,85.71428571428571
2026-03-19 21:01:45,11,35,31.428571428571427
2026-03-19 21:51:08,10,35,28.57142857142857
2026-03-19 22:22:34,8,35,22.857142857142858
2026-03-19 22:51:37,6,35,17.142857142857142
2026-03-19 23:14:29,3,35,8.571428571428571
2026-03-19 23:49:24,2,35,5.714285714285714
2026-03-20 00:16:13,0,35,0
2026-03-20 00:46:26,0,35,0
2026-03-20 01:01:54,0,35,0
2026-03-20 05:43:39,4,35,11.428571428571429
2026-03-20 06:40:28,18,35,51.42857142857142
2026-03-20 07:34:38,14,35,40
2026-03-20 08:31:30,12,35,34.285714285714285
2026-03-20 09:03:26,15,35,42.857142857142854
2026-03-20 09:55:39,21,35,60
2026-03-20 10:36:38,19,35,54.285714285714285
2026-03-20 11:08:05,21,35,60
2026-03-20 11:55:54,14,35,40
2026-03-20 12:28:51,24,35,68.57142857142857
2026-03-20 12:54:15,18,35,51.42857142857142
2026-03-20 13:38:43,9,35,25.71428571428571
2026-03-20 14:45:42,10,35,28.57142857142857
2026-03-20 15:31:27,15,35,42.857142857142854
2026-03-20 16:23:35,19,35,54.285714285714285
2026-03-20 17:01:31,22,35,62.857142857142854
2026-03-20 17:56:34,21,35,60
2026-03-20 18:34:29,27,35,77.14285714285715
2026-03-20 19:04:18,19,35,54.285714285714285
2026-03-20 20:03:54,12,35,34.285714285714285
2026-03-20 20:43:48,7,35,20
2026-03-20 21:02:09,8,35,22.857142857142858
2026-03-20 21:46:22,8,35,22.857142857142858
2026-03-20 22:15:10,7,35,20
2026-03-20 22:46:27,5,35,14.285714285714285
2026-03-20 23:00:56,3,35,8.571428571428571
2026-03-20 23:38:36,3,35,8.571428571428571
2026-03-21 00:00:50,0,35,0
2026-03-21 00:37:33,0,35,0
2026-03-21 00:56:24,0,35,0
2026-03-21 05:23:43,0,35,0
2026-03-21 06:25:02,2,35,5.714285714285714
2026-03-21 06:59:48,2,35,5.714285714285714
2026-03-21 07:56:04,6,35,17.142857142857142
2026-03-21 08:30:57,10,35,28.57142857142857
2026-03-21 08:54:36,19,35,54.285714285714285
2026-03-21 09:23:43,17,35,48.57142857142857
2026-03-21 09:54:18,16,35,45.714285714285715
2026-03-21 10:24:38,14,35,40
2026-03-21 10:52:21,15,35,42.857142857142854
2026-03-21 11:13:36,13,35,37.142857142857146
2026-03-21 11:46:39,18,35,51.42857142857142
2026-03-21 12:01:30,22,35,62.857142857142854
2026-03-21 12:31:22,25,35,71.42857142857143
2026-03-21 12:48:41,25,35,71.42857142857143
2026-03-21 12:59:23,24,35,68.57142857142857
2026-03-21 14:02:45,22,35,62.857142857142854
2026-03-21 14:49:27,18,35,51.42857142857142
2026-03-21 15:13:30,15,35,42.857142857142854
2026-03-21 15:45:50,17,35,48.57142857142857
2026-03-21 16:01:13,18,35,51.42857142857142
2026-03-21 16:35:07,14,35,40
2026-03-21 16:52:41,15,35,42.857142857142854
2026-03-21 17:14:43,13,35,37.142857142857146
2026-03-21 17:48:31,10,35,28.57142857142857
2026-03-21 18:13:06,9,35,25.71428571428571
2026-03-21 18:42:34,9,35,25.71428571428571
2026-03-21 18:57:39,11,35,31.428571428571427
2026-03-21 19:38:19,8,35,22.857142857142858
2026-03-21 20:02:45,6,35,17.142857142857142
2026-03-21 20:33:14,8,35,22.857142857142858
2026-03-21 20:49:09,5,35,14.285714285714285
2026-03-21 20:59:21,6,35,17.142857142857142
2026-03-21 21:34:31,4,35,11.428571428571429
2026-03-21 21:55:19,1,35,2.857142857142857
2026-03-21 22:19:53,2,35,5.714285714285714
2026-03-21 22:42:46,3,35,8.571428571428571
2026-03-21 22:57:16,3,35,8.571428571428571
2026-03-21 23:25:48,2,35,5.714285714285714
2026-03-21 23:49:27,1,35,2.857142857142857
2026-03-22 00:11:50,0,35,0
2026-03-22 00:39:15,0,35,0
2026-03-22 00:55:57,0,35,0
2026-03-22 05:48:29,0,35,0
2026-03-22 06:43:19,0,35,0
2026-03-22 07:32:54,1,35,2.857142857142857
2026-03-22 08:24:40,2,35,5.714285714285714
2026-03-22 08:54:34,9,35,25.71428571428571
2026-03-22 09:26:27,17,35,48.57142857142857
2026-03-22 09:58:05,16,35,45.714285714285715
2026-03-22 10:35:39,14,35,40
2026-03-22 10:58:01,22,35,62.857142857142854
2026-03-22 11:30:41,32,35,91.42857142857143
2026-03-22 11:55:25,27,35,77.14285714285715
2026-03-22 12:19:45,25,35,71.42857142857143
2026-03-22 12:41:41,27,35,77.14285714285715
2026-03-22 12:56:24,31,35,88.57142857142857
2026-03-22 13:46:44,21,35,60
2026-03-22 14:33:58,24,35,68.57142857142857
2026-03-22 15:01:59,26,35,74.28571428571429
2026-03-22 15:38:29,25,35,71.42857142857143
2026-03-22 15:58:09,24,35,68.57142857142857
2026-03-22 16:29:38,18,35,51.42857142857142
2026-03-22 16:50:23,21,35,60
2026-03-22 17:13:56,18,35,51.42857142857142
2026-03-22 17:48:06,24,35,68.57142857142857
2026-03-22 18:12:14,17,35,48.57142857142857
2026-03-22 18:41:37,12,35,34.285714285714285
2026-03-22 18:57:59,13,35,37.142857142857146
2026-03-22 19:40:31,17,35,48.57142857142857
2026-03-22 20:05:16,15,35,42.857142857142854
2026-03-22 20:35:49,14,35,40
2026-03-22 20:51:19,13,35,37.142857142857146
2026-03-22 21:00:08,11,35,31.428571428571427
2026-03-22 21:38:08,9,35,25.71428571428571
2026-03-22 21:58:13,3,35,8.571428571428571
2026-03-22 22:29:30,1,35,2.857142857142857
2026-03-22 22:51:04,1,35,2.857142857142857
2026-03-22 23:11:40,1,35,2.857142857142857
2026-03-22 23:45:06,0,35,0
2026-03-23 00:02:10,0,35,0
2026-03-23 00:37:36,0,35,0
2026-03-23 00:57:54,0,35,0
2026-03-23 05:59:07,3,35,8.571428571428571
2026-03-23 07:12:14,17,35,48.57142857142857
2026-03-23 08:39:20,10,35,28.57142857142857
2026-03-23 09:33:48,12,35,34.285714285714285
2026-03-23 10:40:59,13,35,37.142857142857146
2026-03-23 11:36:11,13,35,37.142857142857146
2026-03-23 12:27:37,15,35,42.857142857142854
2026-03-23 13:02:49,15,35,42.857142857142854
2026-03-23 14:42:36,11,35,31.428571428571427
2026-03-23 15:42:20,23,35,65.71428571428571
2026-03-23 16:42:37,31,35,88.57142857142857
2026-03-23 17:35:57,32,35,91.42857142857143
2026-03-23 18:30:21,31,35,88.57142857142857
2026-03-23 19:10:49,34,35,97.14285714285714
2026-03-23 20:12:53,30,35,85.71428571428571
2026-03-23 20:55:44,27,35,77.14285714285715
2026-03-23 21:34:25,17,35,48.57142857142857
2026-03-23 22:06:46,7,35,20
2026-03-23 22:48:40,8,35,22.857142857142858
2026-03-23 23:16:24,3,35,8.571428571428571
2026-03-23 23:54:24,0,35,0
2026-03-24 00:25:14,0,35,0
2026-03-24 00:54:22,0,35,0
2026-03-24 02:19:46,0,35,0
2026-03-24 05:50:24,6,35,17.142857142857142
2026-03-24 06:50:03,11,35,31.428571428571427
2026-03-24 07:45:53,17,35,48.57142857142857
2026-03-24 08:42:53,14,35,40
2026-03-24 09:30:57,16,35,45.714285714285715
2026-03-24 10:31:02,14,35,40
2026-03-24 11:28:02,19,35,54.285714285714285
2026-03-24 12:24:04,19,35,54.285714285714285
2026-03-24 13:01:09,16,35,45.714285714285715
2026-03-24 14:44:02,13,35,37.142857142857146
2026-03-24 15:44:43,19,35,54.285714285714285
2026-03-24 16:47:38,26,35,74.28571428571429
2026-03-24 17:44:02,32,35,91.42857142857143
2026-03-24 18:40:00,26,35,74.28571428571429
2026-03-24 19:38:05,29,35,82.85714285714286
2026-03-24 20:38:25,30,35,85.71428571428571
2026-03-24 21:06:19,27,35,77.14285714285715
2026-03-24 21:55:00,14,35,40
2026-03-24 22:32:08,3,35,8.571428571428571
2026-03-24 23:02:50,4,35,11.428571428571429
2026-03-24 23:43:45,4,35,11.428571428571429
2026-03-25 00:04:41,0,35,0
2026-03-25 00:43:02,0,35,0
2026-03-25 01:01:47,0,35,0
2026-03-25 05:50:30,3,35,8.571428571428571
2026-03-25 06:52:27,18,35,51.42857142857142
2026-03-25 07:46:09,8,35,22.857142857142858
2026-03-25 08:42:17,22,35,62.857142857142854
2026-03-25 09:30:46,17,35,48.57142857142857
2026-03-25 10:30:27,25,35,71.42857142857143
2026-03-25 11:27:33,24,35,68.57142857142857
2026-03-25 12:12:38,16,35,45.714285714285715
2026-03-25 12:56:52,17,35,48.57142857142857
2026-03-25 14:09:07,20,35,57.14285714285714
2026-03-25 15:22:02,25,35,71.42857142857143
2026-03-25 16:39:33,31,35,88.57142857142857
2026-03-25 17:45:26,33,35,94.28571428571428
2026-03-25 18:43:58,25,35,71.42857142857143
2026-03-25 19:36:35,29,35,82.85714285714286
2026-03-25 20:30:22,19,35,54.285714285714285
2026-03-25 21:03:17,14,35,40
2026-03-25 21:52:06,11,35,31.428571428571427
2026-03-25 22:24:28,5,35,14.285714285714285
2026-03-25 22:59:30,2,35,5.714285714285714
2026-03-25 23:44:18,2,35,5.714285714285714
2026-03-26 00:19:34,0,35,0
2026-03-26 00:53:28,0,35,0
2026-03-26 02:19:22,0,35,0
2026-03-26 06:01:30,5,35,14.285714285714285
2026-03-26 07:15:23,19,35,54.285714285714285
2026-03-26 08:37:29,6,35,17.142857142857142
2026-03-26 09:30:22,15,35,42.857142857142854
2026-03-26 10:36:55,17,35,48.57142857142857
2026-03-26 11:32:43,28,35,80
2026-03-26 12:30:06,19,35,54.285714285714285
2026-03-26 13:08:56,14,35,40
2026-03-26 14:57:04,14,35,40
2026-03-26 16:04:08,20,35,57.14285714285714
2026-03-26 17:19:25,23,35,65.71428571428571
2026-03-26 18:31:40,21,35,60
2026-03-26 19:36:05,28,35,80
2026-03-26 20:39:22,18,35,51.42857142857142
2026-03-26 21:04:25,15,35,42.857142857142854
2026-03-26 21:48:24,13,35,37.142857142857146
2026-03-26 22:18:42,8,35,22.857142857142858
2026-03-26 22:48:55,3,35,8.571428571428571
2026-03-26 23:02:19,0,35,0
2026-03-26 23:44:24,2,35,5.714285714285714
2026-03-27 00:03:13,0,35,0
2026-03-27 00:42:59,0,35,0
2026-03-27 01:03:14,0,35,0
2026-03-27 06:02:50,6,35,17.142857142857142
2026-03-27 07:16:53,12,35,34.285714285714285
2026-03-27 08:36:48,11,35,31.428571428571427
2026-03-27 09:27:05,13,35,37.142857142857146
2026-03-27 10:26:28,12,35,34.285714285714285
2026-03-27 11:10:43,13,35,37.142857142857146
2026-03-27 12:06:36,14,35,40
2026-03-27 12:52:40,15,35,42.857142857142854
2026-03-27 13:34:32,9,35,25.71428571428571
2026-03-27 14:54:12,14,35,40
2026-03-27 15:43:53,29,35,82.85714285714286
2026-03-27 16:36:24,19,35,54.285714285714285
2026-03-27 17:31:35,19,35,54.285714285714285
2026-03-27 18:29:10,17,35,48.57142857142857
2026-03-27 19:11:53,16,35,45.714285714285715
2026-03-27 20:11:46,12,35,34.285714285714285
2026-03-27 20:50:35,13,35,37.142857142857146
2026-03-27 21:22:27,8,35,22.857142857142858
2026-03-27 22:00:36,8,35,22.857142857142858
2026-03-27 22:46:36,4,35,11.428571428571429
2026-03-27 23:04:00,6,35,17.142857142857142
2026-03-27 23:48:01,2,35,5.714285714285714
2026-03-28 00:18:47,0,35,0
2026-03-28 00:48:23,0,35,0
2026-03-28 01:56:34,0,35,0
2026-03-28 05:49:11,2,35,5.714285714285714
2026-03-28 06:45:47,2,35,5.714285714285714
2026-03-28 07:39:48,1,35,2.857142857142857
2026-03-28 08:33:09,14,35,40
2026-03-28 09:03:12,21,35,60
2026-03-28 09:53:47,24,35,68.57142857142857
2026-03-28 10:27:58,23,35,65.71428571428571
2026-03-28 11:00:27,23,35,65.71428571428571
2026-03-28 11:41:25,21,35,60
2026-03-28 12:03:37,21,35,60
2026-03-28 12:37:02,23,35,65.71428571428571
2026-03-28 12:55:44,20,35,57.14285714285714
2026-03-28 13:45:52,14,35,40
2026-03-28 14:39:24,14,35,40
2026-03-28 15:17:48,13,35,37.142857142857146
2026-03-28 15:53:43,15,35,42.857142857142854
2026-03-28 16:21:58,11,35,31.428571428571427
2026-03-28 16:50:31,11,35,31.428571428571427
2026-03-28 17:17:27,10,35,28.57142857142857
2026-03-28 17:53:42,9,35,25.71428571428571
2026-03-28 18:20:44,8,35,22.857142857142858
2026-03-28 18:50:55,8,35,22.857142857142858
2026-03-28 19:20:36,6,35,17.142857142857142
2026-03-28 20:03:04,6,35,17.142857142857142
2026-03-28 20:38:30,5,35,14.285714285714285
2026-03-28 20:56:50,4,35,11.428571428571429
2026-03-28 21:29:38,8,35,22.857142857142858
2026-03-28 21:57:28,6,35,17.142857142857142
2026-03-28 22:30:55,4,35,11.428571428571429
2026-03-28 22:55:00,4,35,11.428571428571429
2026-03-28 23:22:09,2,35,5.714285714285714
2026-03-28 23:52:05,1,35,2.857142857142857
2026-03-29 00:17:34,0,35,0
2026-03-29 00:48:55,0,35,0
2026-03-29 03:04:41,0,35,0
2026-03-29 07:06:55,1,35,2.857142857142857
2026-03-29 08:17:02,1,35,2.857142857142857
2026-03-29 09:29:58,12,35,34.285714285714285
2026-03-29 10:02:49,13,35,37.142857142857146
2026-03-29 10:54:27,12,35,34.285714285714285
2026-03-29 11:29:46,13,35,37.142857142857146
2026-03-29 12:02:00,13,35,37.142857142857146
2026-03-29 12:47:37,15,35,42.857142857142854
2026-03-29 13:15:20,17,35,48.57142857142857
2026-03-29 13:44:48,20,35,57.14285714285714
2026-03-29 14:00:37,19,35,54.285714285714285
2026-03-29 15:14:55,12,35,34.285714285714285
2026-03-29 15:59:47,10,35,28.57142857142857
2026-03-29 16:40:28,15,35,42.857142857142854
2026-03-29 17:03:50,14,35,40
2026-03-29 17:42:38,9,35,25.71428571428571
2026-03-29 18:02:25,14,35,40
2026-03-29 18:48:16,10,35,28.57142857142857
2026-03-29 19:17:25,14,35,40
2026-03-29 19:50:55,10,35,28.57142857142857
2026-03-29 20:21:58,8,35,22.857142857142858
2026-03-29 21:05:48,2,35,5.714285714285714
2026-03-29 21:42:49,2,35,5.714285714285714
2026-03-29 22:00:47,4,35,11.428571428571429
2026-03-29 22:44:02,7,35,20
2026-03-29 23:04:53,6,35,17.142857142857142
2026-03-29 23:44:01,3,35,8.571428571428571
2026-03-30 00:01:50,0,35,0
2026-03-30 00:43:02,0,35,0
2026-03-30 01:05:18,0,35,0
2026-03-30 01:46:17,0,35,0
2026-03-30 03:04:50,0,35,0
2026-03-30 07:18:48,11,35,31.428571428571427
2026-03-30 09:02:30,7,35,20
2026-03-30 10:25:42,14,35,40
2026-03-30 11:54:04,20,35,57.14285714285714
2026-03-30 12:55:26,22,35,62.857142857142854
2026-03-30 13:52:52,15,35,42.857142857142854
2026-03-30 14:48:07,19,35,54.285714285714285
2026-03-30 16:15:59,16,35,45.714285714285715
2026-03-30 17:43:09,14,35,40
2026-03-30 18:40:13,21,35,60
2026-03-30 19:36:06,18,35,51.42857142857142
2026-03-30 20:35:46,7,35,20
2026-03-30 21:37:23,9,35,25.71428571428571
2026-03-30 22:23:07,12,35,34.285714285714285
2026-03-30 23:05:27,7,35,20
2026-03-30 23:54:14,2,35,5.714285714285714
2026-03-31 00:26:53,0,35,0
2026-03-31 01:02:55,0,35,0
2026-03-31 01:47:46,0,35,0
2026-03-31 03:02:44,0,35,0
2026-03-31 07:05:08,6,35,17.142857142857142
2026-03-31 08:21:24,15,35,42.857142857142854
2026-03-31 09:47:41,9,35,25.71428571428571
2026-03-31 10:42:48,18,35,51.42857142857142
2026-03-31 11:46:01,15,35,42.857142857142854
2026-03-31 12:39:53,8,35,22.857142857142858
2026-03-31 13:33:19,17,35,48.57142857142857
2026-03-31 14:09:54,23,35,65.71428571428571
2026-03-31 16:01:25,15,35,42.857142857142854
2026-03-31 17:13:43,18,35,51.42857142857142
2026-03-31 18:16:02,13,35,37.142857142857146
2026-03-31 19:15:41,20,35,57.14285714285714
2026-03-31 20:08:49,18,35,51.42857142857142
2026-03-31 21:18:03,8,35,22.857142857142858
2026-03-31 22:01:48,8,35,22.857142857142858
2026-03-31 22:53:10,9,35,25.71428571428571
2026-03-31 23:27:36,9,35,25.71428571428571
2026-04-01 00:02:53,0,35,0
2026-04-01 00:47:21,0,35,0
2026-04-01 01:19:24,0,35,0
2026-04-01 01:52:32,0,35,0
2026-04-01 03:15:24,0,35,0
2026-04-01 07:19:33,6,35,17.142857142857142
2026-04-01 08:56:35,10,35,28.57142857142857
2026-04-01 10:14:56,19,35,54.285714285714285
2026-04-01 11:37:09,9,35,25.71428571428571
2026-04-01 12:37:57,14,35,40
2026-04-01 13:33:44,8,35,22.857142857142858
2026-04-01 14:37:52,12,35,34.285714285714285
2026-04-01 16:13:54,13,35,37.142857142857146
2026-04-01 17:42:58,7,35,20
2026-04-01 18:37:41,7,35,20
2026-04-01 19:33:25,7,35,20
2026-04-01 20:32:09,9,35,25.71428571428571
2026-04-01 21:39:48,7,35,20
2026-04-01 22:24:17,9,35,25.71428571428571
2026-04-01 23:06:06,4,35,11.428571428571429
2026-04-01 23:54:41,0,35,0
2026-04-02 00:30:12,0,35,0
2026-04-02 01:07:24,0,35,0
2026-04-02 01:48:31,0,35,0
2026-04-02 02:59:32,0,35,0
2026-04-02 06:58:27,1,35,2.857142857142857
2026-04-02 08:13:02,7,35,20
2026-04-02 09:41:52,11,35,31.428571428571427
2026-04-02 10:38:32,19,35,54.285714285714285
2026-04-02 11:41:24,13,35,37.142857142857146
2026-04-02 12:34:56,22,35,62.857142857142854
2026-04-02 13:27:54,25,35,71.42857142857143
2026-04-02 14:07:03,19,35,54.285714285714285
2026-04-02 15:53:19,13,35,37.142857142857146
2026-04-02 16:46:07,10,35,28.57142857142857
2026-04-02 17:43:55,12,35,34.285714285714285
2026-04-02 18:38:43,10,35,28.57142857142857
2026-04-02 19:30:49,11,35,31.428571428571427
2026-04-02 20:10:27,13,35,37.142857142857146
2026-04-02 21:15:10,3,35,8.571428571428571
2026-04-02 21:59:00,7,35,20
2026-04-02 22:40:35,6,35,17.142857142857142
2026-04-02 23:19:49,6,35,17.142857142857142
2026-04-02 23:55:02,0,35,0
2026-04-03 00:26:15,0,35,0
2026-04-03 00:58:30,0,35,0
2026-04-03 01:38:46,0,35,0
2026-04-03 02:03:03,0,35,0
2026-04-03 07:00:45,3,35,8.571428571428571
2026-04-03 08:14:53,6,35,17.142857142857142
2026-04-03 09:38:21,9,35,25.71428571428571
2026-04-03 10:30:17,7,35,20
2026-04-03 11:30:48,11,35,31.428571428571427
2026-04-03 12:09:40,13,35,37.142857142857146
2026-04-03 13:02:40,12,35,34.285714285714285
2026-04-03 13:48:04,16,35,45.714285714285715
2026-04-03 14:30:17,10,35,28.57142857142857
2026-04-03 15:44:39,9,35,25.71428571428571
2026-04-03 16:29:17,19,35,54.285714285714285
2026-04-03 17:10:10,12,35,34.285714285714285
2026-04-03 17:52:41,9,35,25.71428571428571
2026-04-03 18:25:30,9,35,25.71428571428571
2026-04-03 19:02:03,15,35,42.857142857142854
2026-04-03 19:46:58,12,35,34.285714285714285
2026-04-03 20:25:34,4,35,11.428571428571429
2026-04-03 21:10:14,3,35,8.571428571428571
2026-04-03 21:52:25,5,35,14.285714285714285
2026-04-03 22:21:25,5,35,14.285714285714285
2026-04-03 22:57:59,9,35,25.71428571428571
2026-04-03 23:36:08,5,35,14.285714285714285
2026-04-04 00:01:15,0,35,0
2026-04-04 00:45:08,0,35,0
2026-04-04 01:18:52,0,35,0
2026-04-04 01:51:42,0,35,0
2026-04-04 02:59:03,0,35,0
2026-04-04 06:46:06,3,35,8.571428571428571
2026-04-04 07:45:22,1,35,2.857142857142857
2026-04-04 08:41:09,7,35,20
2026-04-04 09:36:34,8,35,22.857142857142858
2026-04-04 10:05:33,7,35,20
2026-04-04 10:55:31,12,35,34.285714285714285
2026-04-04 11:33:31,12,35,34.285714285714285
2026-04-04 12:03:12,7,35,20
2026-04-04 12:48:12,9,35,25.71428571428571
2026-04-04 13:16:15,11,35,31.428571428571427
2026-04-04 13:45:53,8,35,22.857142857142858
2026-04-04 14:01:46,5,35,14.285714285714285
2026-04-04 15:16:09,7,35,20
2026-04-04 16:00:27,9,35,25.71428571428571
2026-04-04 16:41:13,6,35,17.142857142857142
2026-04-04 17:04:00,6,35,17.142857142857142
2026-04-04 17:43:57,5,35,14.285714285714285
2026-04-04 18:02:25,4,35,11.428571428571429
2026-04-04 18:49:06,4,35,11.428571428571429
2026-04-04 19:18:02,3,35,8.571428571428571
2026-04-04 19:50:41,3,35,8.571428571428571
2026-04-04 20:21:47,1,35,2.857142857142857
2026-04-04 21:05:04,5,35,14.285714285714285
2026-04-04 21:40:49,5,35,14.285714285714285
2026-04-04 21:58:57,6,35,17.142857142857142
2026-04-04 22:38:21,9,35,25.71428571428571
2026-04-04 23:01:45,7,35,20
2026-04-04 23:40:39,3,35,8.571428571428571
2026-04-04 23:58:58,1,35,2.857142857142857
2026-04-05 00:35:04,0,35,0
2026-04-05 01:00:32,0,35,0
2026-04-05 01:39:43,0,35,0
2026-04-05 02:01:36,0,35,0
2026-04-05 07:07:24,1,35,2.857142857142857
2026-04-05 08:18:58,3,35,8.571428571428571
2026-04-05 09:34:08,10,35,28.57142857142857
2026-04-05 10:05:38,9,35,25.71428571428571
2026-04-05 10:57:51,11,35,31.428571428571427
2026-04-05 11:40:31,18,35,51.42857142857142
2026-04-05 12:06:02,27,35,77.14285714285715
2026-04-05 12:52:18,21,35,60
2026-04-05 13:18:31,18,35,51.42857142857142
2026-04-05 13:47:39,22,35,62.857142857142854
2026-04-05 14:03:00,20,35,57.14285714285714
2026-04-05 15:18:05,19,35,54.285714285714285
2026-04-05 16:02:27,26,35,74.28571428571429
2026-04-05 16:47:21,20,35,57.14285714285714
2026-04-05 17:17:25,18,35,51.42857142857142
2026-04-05 17:49:57,13,35,37.142857142857146
2026-04-05 18:20:12,13,35,37.142857142857146
2026-04-05 18:58:07,11,35,31.428571428571427
2026-04-05 19:34:59,10,35,28.57142857142857
2026-04-05 20:00:16,11,35,31.428571428571427
2026-04-05 20:57:54,7,35,20
2026-04-05 21:34:44,5,35,14.285714285714285
2026-04-05 21:57:49,4,35,11.428571428571429
2026-04-05 22:36:00,4,35,11.428571428571429
2026-04-05 23:01:58,2,35,5.714285714285714
2026-04-05 23:42:12,2,35,5.714285714285714
2026-04-06 00:00:40,0,35,0
2026-04-06 00:41:24,0,35,0
2026-04-06 01:04:11,0,35,0
2026-04-06 01:46:54,0,35,0
2026-04-06 03:05:08,0,35,0
2026-04-06 07:18:00,4,35,11.428571428571429
2026-04-06 09:04:08,15,35,42.857142857142854
2026-04-06 10:43:23,32,35,91.42857142857143
2026-04-06 11:52:40,38,35,108.57142857142857
2026-04-06 12:44:56,24,35,68.57142857142857
2026-04-06 13:36:49,25,35,71.42857142857143
2026-04-06 14:33:41,29,35,82.85714285714286
2026-04-06 15:53:41,20,35,57.14285714285714
2026-04-06 16:39:58,17,35,48.57142857142857
2026-04-06 17:30:43,15,35,42.857142857142854
2026-04-06 18:10:31,13,35,37.142857142857146
2026-04-06 19:05:15,13,35,37.142857142857146
2026-04-06 20:00:11,21,35,60
2026-04-06 21:12:51,4,35,11.428571428571429
2026-04-06 21:57:38,8,35,22.857142857142858
2026-04-06 22:38:23,5,35,14.285714285714285
2026-04-06 23:20:59,1,35,2.857142857142857
2026-04-06 23:54:20,1,35,2.857142857142857
2026-04-07 00:27:35,0,35,0
2026-04-07 01:03:25,0,35,0
2026-04-07 01:47:30,0,35,0
2026-04-07 03:03:33,0,35,0
2026-04-07 07:05:08,10,35,28.57142857142857
2026-04-07 08:24:04,12,35,34.285714285714285
2026-04-07 09:53:55,7,35,20
2026-04-07 10:52:46,13,35,37.142857142857146
2026-04-07 11:56:08,13,35,37.142857142857146
2026-04-07 12:52:35,10,35,28.57142857142857
2026-04-07 13:42:45,9,35,25.71428571428571
2026-04-07 14:44:03,16,35,45.714285714285715
2026-04-07 16:16:42,22,35,62.857142857142854
2026-04-07 17:48:12,29,35,82.85714285714286
2026-04-07 18:41:05,34,35,97.14285714285714
2026-04-07 19:40:31,31,35,88.57142857142857
2026-04-07 20:36:24,24,35,68.57142857142857
2026-04-07 21:40:06,27,35,77.14285714285715
2026-04-07 22:23:40,13,35,37.142857142857146
2026-04-07 23:07:45,3,35,8.571428571428571
2026-04-07 23:55:47,0,35,0
2026-04-08 00:34:27,0,35,0
2026-04-08 01:09:05,0,35,0
2026-04-08 01:53:16,0,35,0
2026-04-08 03:19:05,0,35,0
2026-04-08 07:06:30,21,35,60
2026-04-08 08:48:06,16,35,45.714285714285715
2026-04-08 10:03:13,10,35,28.57142857142857
2026-04-08 11:16:15,22,35,62.857142857142854
2026-04-08 12:18:42,24,35,68.57142857142857
2026-04-08 13:17:04,9,35,25.71428571428571
2026-04-08 14:04:59,12,35,34.285714285714285
2026-04-08 15:59:05,23,35,65.71428571428571
2026-04-08 17:16:21,32,35,91.42857142857143
2026-04-08 18:38:23,18,35,51.42857142857142
2026-04-08 19:44:37,43,35,122.85714285714286
2026-04-08 20:52:20,20,35,57.14285714285714
2026-04-08 21:52:16,19,35,54.285714285714285
2026-04-08 22:28:41,5,35,14.285714285714285
2026-04-08 23:11:30,4,35,11.428571428571429
2026-04-09 00:00:24,0,35,0
2026-04-09 00:53:17,0,35,0
2026-04-09 01:29:22,0,35,0
2026-04-09 02:00:26,0,35,0
2026-04-09 07:05:16,16,35,45.714285714285715
2026-04-09 08:47:16,11,35,31.428571428571427
2026-04-09 10:06:51,13,35,37.142857142857146
2026-04-09 11:22:17,16,35,45.714285714285715
2026-04-09 12:37:02,13,35,37.142857142857146
2026-04-09 13:35:22,12,35,34.285714285714285
2026-04-09 14:43:27,21,35,60
2026-04-09 16:27:40,22,35,62.857142857142854
2026-04-09 18:01:45,39,35,111.42857142857143
2026-04-09 19:17:57,28,35,80
2026-04-09 20:12:30,17,35,48.57142857142857
2026-04-09 21:36:55,11,35,31.428571428571427
2026-04-09 22:28:57,6,35,17.142857142857142
2026-04-09 23:10:41,5,35,14.285714285714285
2026-04-10 00:00:13,0,35,0
2026-04-10 00:53:16,0,35,0
2026-04-10 01:29:41,0,35,0
2026-04-10 02:03:37,0,35,0
2026-04-10 07:19:41,15,35,42.857142857142854
2026-04-10 09:03:19,6,35,17.142857142857142
2026-04-10 10:43:07,23,35,65.71428571428571
2026-04-10 11:51:32,20,35,57.14285714285714
2026-04-10 12:41:14,9,35,25.71428571428571
2026-04-10 13:32:49,9,35,25.71428571428571
2026-04-10 14:08:48,15,35,42.857142857142854
2026-04-10 15:46:53,19,35,54.285714285714285
2026-04-10 16:38:33,25,35,71.42857142857143
2026-04-10 17:31:03,27,35,77.14285714285715
2026-04-10 18:29:57,22,35,62.857142857142854
2026-04-10 19:26:16,28,35,80
2026-04-10 20:07:31,17,35,48.57142857142857
2026-04-10 21:09:24,9,35,25.71428571428571
2026-04-10 21:52:32,8,35,22.857142857142858
2026-04-10 22:22:29,3,35,8.571428571428571
2026-04-10 22:59:51,1,35,2.857142857142857
2026-04-10 23:48:38,0,35,0
2026-04-11 00:21:41,0,35,0
2026-04-11 00:59:40,0,35,0
2026-04-11 01:42:52,0,35,0
2026-04-11 02:05:14,0,35,0
2026-04-11 06:50:38,4,35,11.428571428571429
2026-04-11 07:49:49,7,35,20
2026-04-11 08:43:11,11,35,31.428571428571427
2026-04-11 09:37:56,15,35,42.857142857142854
2026-04-11 10:07:13,19,35,54.285714285714285
2026-04-11 10:59:00,22,35,62.857142857142854
2026-04-11 11:49:02,26,35,74.28571428571429
2026-04-11 12:19:48,26,35,74.28571428571429
2026-04-11 12:57:34,22,35,62.857142857142854
2026-04-11 13:30:52,25,35,71.42857142857143
2026-04-11 13:55:45,25,35,71.42857142857143
2026-04-11 14:50:21,9,35,25.71428571428571
2026-04-11 15:44:31,14,35,40
2026-04-11 16:23:18,8,35,22.857142857142858
2026-04-11 16:59:17,9,35,25.71428571428571
2026-04-11 17:38:52,7,35,20
2026-04-11 18:01:34,9,35,25.71428571428571
2026-04-11 18:50:14,14,35,40
2026-04-11 19:19:49,14,35,40
2026-04-11 19:52:28,4,35,11.428571428571429
2026-04-11 20:24:22,7,35,20
2026-04-11 21:08:53,8,35,22.857142857142858
2026-04-11 21:48:16,7,35,20
2026-04-11 22:15:22,8,35,22.857142857142858
2026-04-11 22:52:37,2,35,5.714285714285714
2026-04-11 23:20:57,3,35,8.571428571428571
2026-04-11 23:52:15,0,35,0
2026-04-12 00:16:44,0,35,0
2026-04-12 00:54:23,0,35,0
2026-04-12 01:25:31,0,35,0
2026-04-12 01:57:27,0,35,0
2026-04-12 07:18:09,2,35,5.714285714285714
2026-04-12 08:50:20,13,35,37.142857142857146
2026-04-12 09:54:22,18,35,51.42857142857142
2026-04-12 10:38:41,21,35,60
2026-04-12 11:30:06,24,35,68.57142857142857
2026-04-12 12:09:05,26,35,74.28571428571429
2026-04-12 12:57:44,16,35,45.714285714285715
2026-04-12 13:35:10,19,35,54.285714285714285
2026-04-12 14:01:02,11,35,31.428571428571427
2026-04-12 15:19:52,28,35,80
2026-04-12 16:06:04,31,35,88.57142857142857
2026-04-12 16:54:31,23,35,65.71428571428571
2026-04-12 17:29:55,17,35,48.57142857142857
2026-04-12 18:02:40,17,35,48.57142857142857
2026-04-12 18:53:24,26,35,74.28571428571429
2026-04-12 19:26:22,27,35,77.14285714285715
2026-04-12 20:00:11,15,35,42.857142857142854
2026-04-12 21:02:11,15,35,42.857142857142854
2026-04-12 21:45:28,3,35,8.571428571428571
2026-04-12 22:17:19,1,35,2.857142857142857
2026-04-12 22:55:15,5,35,14.285714285714285
2026-04-12 23:29:15,2,35,5.714285714285714
2026-04-13 00:00:10,0,35,0
2026-04-13 00:44:32,0,35,0
2026-04-13 01:19:11,0,35,0
2026-04-13 01:54:35,0,35,0
2026-04-13 03:59:27,0,35,0
2026-04-13 07:36:01,11,35,31.428571428571427
2026-04-13 09:28:31,12,35,34.285714285714285
2026-04-13 11:19:15,25,35,71.42857142857143
2026-04-13 12:57:50,21,35,60
2026-04-13 14:04:36,20,35,57.14285714285714
2026-04-13 16:03:56,24,35,68.57142857142857
2026-04-13 17:39:50,42,35,120
2026-04-13 18:45:41,26,35,74.28571428571429
2026-04-13 19:43:47,46,35,131.42857142857142
2026-04-13 20:50:38,25,35,71.42857142857143
2026-04-13 21:57:30,15,35,42.857142857142854
2026-04-13 22:56:57,5,35,14.285714285714285
2026-04-13 23:50:01,2,35,5.714285714285714
2026-04-14 00:31:13,0,35,0
2026-04-14 01:25:21,0,35,0
2026-04-14 02:04:48,0,35,0
2026-04-14 07:17:32,21,35,60
2026-04-14 09:02:25,13,35,37.142857142857146
2026-04-14 10:49:28,17,35,48.57142857142857
2026-04-14 12:02:20,19,35,54.285714285714285
2026-04-14 13:13:38,19,35,54.285714285714285
2026-04-14 14:08:39,20,35,57.14285714285714
2026-04-14 16:09:23,26,35,74.28571428571429
2026-04-14 17:37:04,40,35,114.28571428571428
2026-04-14 18:43:01,38,35,108.57142857142857
2026-04-14 19:49:06,21,35,60
2026-04-14 20:51:47,31,35,88.57142857142857
2026-04-14 21:56:52,12,35,34.285714285714285
2026-04-14 22:53:03,1,35,2.857142857142857
2026-04-14 23:40:40,0,35,0
2026-04-15 00:29:16,0,35,0
2026-04-15 01:24:44,0,35,0
2026-04-15 02:04:23,0,35,0
2026-04-15 07:18:16,21,35,60
2026-04-15 09:03:56,16,35,45.714285714285715
2026-04-15 10:51:12,13,35,37.142857142857146
2026-04-15 12:03:50,19,35,54.285714285714285
2026-04-15 13:12:27,17,35,48.57142857142857
2026-04-15 14:05:20,15,35,42.857142857142854
2026-04-15 16:01:21,20,35,57.14285714285714
2026-04-15 17:13:49,30,35,85.71428571428571
2026-04-15 18:15:11,24,35,68.57142857142857
2026-04-15 19:32:45,28,35,80
2026-04-15 20:44:14,23,35,65.71428571428571
2026-04-15 21:52:29,16,35,45.714285714285715
2026-04-15 22:34:32,8,35,22.857142857142858
2026-04-15 23:32:04,3,35,8.571428571428571
2026-04-16 00:22:41,0,35,0
2026-04-16 01:05:42,0,35,0
2026-04-16 01:55:54,0,35,0
2026-04-16 07:25:23,21,35,60
2026-04-16 09:09:01,16,35,45.714285714285715
2026-04-16 10:54:04,12,35,34.285714285714285
2026-04-16 12:08:21,10,35,28.57142857142857
2026-04-16 13:18:44,10,35,28.57142857142857
2026-04-16 14:12:15,10,35,28.57142857142857
2026-04-16 16:13:45,20,35,57.14285714285714
2026-04-16 17:56:21,36,35,102.85714285714285
2026-04-16 19:11:28,22,35,62.857142857142854
2026-04-16 20:17:51,16,35,45.714285714285715
2026-04-16 21:39:18,11,35,31.428571428571427
2026-04-16 22:28:35,6,35,17.142857142857142
2026-04-16 23:11:27,7,35,20
2026-04-16 23:58:45,0,35,0
2026-04-17 00:48:09,0,35,0
2026-04-17 01:27:44,0,35,0
2026-04-17 02:05:21,0,35,0
2026-04-17 07:22:46,18,35,51.42857142857142
2026-04-17 09:08:09,10,35,28.57142857142857
2026-04-17 10:52:02,21,35,60
2026-04-17 12:01:00,17,35,48.57142857142857
2026-04-17 13:05:55,14,35,40
2026-04-17 14:00:56,7,35,20
2026-04-17 15:50:26,23,35,65.71428571428571
2026-04-17 16:45:31,27,35,77.14285714285715
2026-04-17 17:43:53,20,35,57.14285714285714
2026-04-17 18:36:45,19,35,54.285714285714285
2026-04-17 19:29:50,14,35,40
2026-04-17 20:29:30,10,35,28.57142857142857
2026-04-17 21:39:03,13,35,37.142857142857146
2026-04-17 22:24:16,6,35,17.142857142857142
2026-04-17 23:07:33,3,35,8.571428571428571
2026-04-17 23:58:07,1,35,2.857142857142857
2026-04-18 00:41:55,0,35,0
2026-04-18 01:24:33,0,35,0
2026-04-18 02:02:01,0,35,0
2026-04-18 07:02:19,4,35,11.428571428571429
2026-04-18 08:16:56,13,35,37.142857142857146
2026-04-18 09:36:27,20,35,57.14285714285714
2026-04-18 10:23:44,18,35,51.42857142857142
2026-04-18 11:09:02,16,35,45.714285714285715
2026-04-18 11:59:41,21,35,60
2026-04-18 12:50:07,34,35,97.14285714285714
2026-04-18 13:23:36,22,35,62.857142857142854
2026-04-18 13:54:58,18,35,51.42857142857142
2026-04-18 14:49:58,15,35,42.857142857142854
2026-04-18 15:51:13,18,35,51.42857142857142
2026-04-18 16:30:30,12,35,34.285714285714285
2026-04-18 17:09:28,11,35,31.428571428571427
2026-04-18 17:52:20,14,35,40
2026-04-18 18:23:52,12,35,34.285714285714285
2026-04-18 19:03:08,6,35,17.142857142857142
2026-04-18 19:49:31,5,35,14.285714285714285
2026-04-18 20:27:01,5,35,14.285714285714285
2026-04-18 21:22:09,4,35,11.428571428571429
2026-04-18 21:55:36,5,35,14.285714285714285
2026-04-18 22:31:21,7,35,20
2026-04-18 23:04:07,4,35,11.428571428571429
2026-04-18 23:47:52,2,35,5.714285714285714
2026-04-19 00:17:08,0,35,0
2026-04-19 00:57:10,0,35,0
2026-04-19 01:34:46,0,35,0
2026-04-19 02:03:17,0,35,0
2026-04-19 07:23:44,1,35,2.857142857142857
2026-04-19 08:55:38,10,35,28.57142857142857
2026-04-19 10:03:47,9,35,25.71428571428571
2026-04-19 11:03:50,26,35,74.28571428571429
2026-04-19 11:57:15,37,35,105.71428571428572
2026-04-19 12:39:06,34,35,97.14285714285714
2026-04-19 13:21:10,25,35,71.42857142857143
2026-04-19 13:53:51,21,35,60
2026-04-19 14:38:57,21,35,60
2026-04-19 15:45:44,28,35,80
2026-04-19 16:27:32,29,35,82.85714285714286
2026-04-19 17:06:15,23,35,65.71428571428571
2026-04-19 17:51:18,14,35,40
2026-04-19 18:23:22,25,35,71.42857142857143
2026-04-19 19:01:48,24,35,68.57142857142857
2026-04-19 19:47:36,16,35,45.714285714285715
2026-04-19 20:27:28,17,35,48.57142857142857
2026-04-19 21:22:24,7,35,20
2026-04-19 21:56:26,5,35,14.285714285714285
2026-04-19 22:35:29,5,35,14.285714285714285
2026-04-19 23:06:06,5,35,14.285714285714285
2026-04-19 23:49:03,1,35,2.857142857142857
2026-04-20 00:19:14,0,35,0
2026-04-20 00:58:27,0,35,0
2026-04-20 01:40:29,0,35,0
2026-04-20 03:09:10,0,35,0
2026-04-20 07:34:53,15,35,42.857142857142854
2026-04-20 09:29:48,14,35,40
2026-04-20 11:26:48,22,35,62.857142857142854
2026-04-20 13:03:04,17,35,48.57142857142857
2026-04-20 14:11:13,26,35,74.28571428571429
2026-04-20 16:10:34,25,35,71.42857142857143
2026-04-20 17:42:44,34,35,97.14285714285714
2026-04-20 18:45:23,26,35,74.28571428571429
2026-04-20 19:43:23,23,35,65.71428571428571
2026-04-20 20:42:41,21,35,60
2026-04-20 21:45:32,7,35,20
2026-04-20 22:29:08,4,35,11.428571428571429
2026-04-20 23:24:25,6,35,17.142857142857142
2026-04-21 00:06:32,0,35,0
2026-04-21 01:00:10,0,35,0
2026-04-21 01:53:17,0,35,0
2026-04-21 03:24:10,0,35,0
2026-04-21 07:22:06,9,35,25.71428571428571
2026-04-21 09:09:16,15,35,42.857142857142854
2026-04-21 11:00:01,20,35,57.14285714285714
2026-04-21 12:23:00,19,35,54.285714285714285
2026-04-21 13:35:33,14,35,40
2026-04-21 14:44:27,11,35,31.428571428571427
2026-04-21 16:21:57,14,35,40
2026-04-21 17:47:31,29,35,82.85714285714286
2026-04-21 18:42:44,23,35,65.71428571428571
2026-04-21 19:42:38,30,35,85.71428571428571
2026-04-21 20:44:52,18,35,51.42857142857142
2026-04-21 21:51:58,12,35,34.285714285714285
2026-04-21 22:37:01,8,35,22.857142857142858
2026-04-21 23:27:25,3,35,8.571428571428571
2026-04-22 00:07:53,0,35,0
2026-04-22 00:57:03,0,35,0
2026-04-22 01:34:33,0,35,0
2026-04-22 02:04:18,0,35,0
2026-04-22 07:20:16,16,35,45.714285714285715
2026-04-22 09:08:29,16,35,45.714285714285715
2026-04-22 10:55:31,12,35,34.285714285714285
2026-04-22 12:16:26,23,35,65.71428571428571
2026-04-22 13:33:14,12,35,34.285714285714285
2026-04-22 14:42:02,13,35,37.142857142857146
2026-04-22 16:19:46,20,35,57.14285714285714
2026-04-22 17:44:54,22,35,62.857142857142854
2026-04-22 18:43:40,19,35,54.285714285714285
2026-04-22 19:42:45,14,35,40
2026-04-22 20:45:34,13,35,37.142857142857146
2026-04-22 21:53:53,8,35,22.857142857142858
2026-04-22 22:42:54,7,35,20
2026-04-22 23:37:18,2,35,5.714285714285714
2026-04-23 00:28:12,0,35,0
2026-04-23 01:25:56,0,35,0
2026-04-23 02:08:31,0,35,0
2026-04-23 07:24:51,16,35,45.714285714285715
2026-04-23 09:12:30,15,35,42.857142857142854
2026-04-23 11:02:57,19,35,54.285714285714285
2026-04-23 12:41:56,13,35,37.142857142857146
2026-04-23 13:44:09,12,35,34.285714285714285
2026-04-23 14:45:59,10,35,28.57142857142857
2026-04-23 16:59:07,17,35,48.57142857142857
2026-04-23 18:45:50,11,35,31.428571428571427
2026-04-23 19:59:02,23,35,65.71428571428571
2026-04-23 21:19:28,14,35,40
2026-04-23 22:14:32,6,35,17.142857142857142
2026-04-23 23:08:50,2,35,5.714285714285714
2026-04-23 23:59:24,0,35,0
2026-04-24 00:54:32,0,35,0
2026-04-24 01:37:56,0,35,0
2026-04-24 03:11:52,0,35,0
2026-04-24 07:29:40,12,35,34.285714285714285
2026-04-24 09:18:01,18,35,51.42857142857142
2026-04-24 11:12:54,24,35,68.57142857142857
2026-04-24 12:44:31,15,35,42.857142857142854
2026-04-24 13:46:06,14,35,40
2026-04-24 14:46:29,11,35,31.428571428571427
2026-04-24 16:21:50,11,35,31.428571428571427
2026-04-24 17:42:22,13,35,37.142857142857146
2026-04-24 18:38:59,7,35,20
2026-04-24 19:35:13,8,35,22.857142857142858
2026-04-24 20:25:43,10,35,28.57142857142857
2026-04-24 21:27:08,9,35,25.71428571428571
2026-04-24 22:06:23,3,35,8.571428571428571
2026-04-24 23:02:11,4,35,11.428571428571429
2026-04-24 23:55:39,2,35,5.714285714285714
2026-04-25 00:35:43,0,35,0
2026-04-25 01:22:43,0,35,0
2026-04-25 01:59:08,0,35,0
2026-04-25 07:07:01,1,35,2.857142857142857
2026-04-25 08:43:57,10,35,28.57142857142857
2026-04-25 09:54:34,17,35,48.57142857142857
2026-04-25 10:43:19,23,35,65.71428571428571
2026-04-25 11:36:44,26,35,74.28571428571429
2026-04-25 12:25:56,26,35,74.28571428571429
2026-04-25 13:10:35,22,35,62.857142857142854
2026-04-25 13:53:20,33,35,94.28571428571428
2026-04-25 14:37:51,20,35,57.14285714285714
2026-04-25 15:49:04,13,35,37.142857142857146
2026-04-25 16:32:16,11,35,31.428571428571427
2026-04-25 17:22:25,15,35,42.857142857142854
2026-04-25 17:59:31,12,35,34.285714285714285
2026-04-25 18:52:38,11,35,31.428571428571427
2026-04-25 19:28:30,10,35,28.57142857142857
2026-04-25 20:04:58,7,35,20
2026-04-25 21:08:12,3,35,8.571428571428571
2026-04-25 21:51:52,2,35,5.714285714285714
2026-04-25 22:23:31,3,35,8.571428571428571
2026-04-25 23:01:26,1,35,2.857142857142857
2026-04-25 23:47:52,0,35,0
2026-04-26 00:19:27,0,35,0
2026-04-26 00:58:56,0,35,0
2026-04-26 01:43:05,0,35,0
2026-04-26 03:13:55,0,35,0
2026-04-26 07:33:50,4,35,11.428571428571429
2026-04-26 09:11:14,6,35,17.142857142857142
2026-04-26 10:37:34,17,35,48.57142857142857
2026-04-26 11:34:23,24,35,68.57142857142857
2026-04-26 12:26:34,26,35,74.28571428571429
2026-04-26 13:10:23,27,35,77.14285714285715
2026-04-26 13:54:40,22,35,62.857142857142854
2026-04-26 14:50:28,15,35,42.857142857142854
2026-04-26 15:55:52,19,35,54.285714285714285
2026-04-26 16:39:40,21,35,60
2026-04-26 17:27:45,12,35,34.285714285714285
2026-04-26 18:06:25,18,35,51.42857142857142
2026-04-26 18:59:15,14,35,40
2026-04-26 19:45:28,8,35,22.857142857142858
2026-04-26 20:29:28,11,35,31.428571428571427
2026-04-26 21:29:14,4,35,11.428571428571429
2026-04-26 22:03:31,2,35,5.714285714285714
2026-04-26 22:53:47,1,35,2.857142857142857
2026-04-26 23:29:10,1,35,2.857142857142857
2026-04-27 00:04:13,0,35,0
2026-04-27 00:53:55,0,35,0
2026-04-27 01:30:29,0,35,0
2026-04-27 02:07:04,0,35,0
2026-04-27 07:47:58,7,35,20
2026-04-27 09:57:05,15,35,42.857142857142854
2026-04-27 12:14:15,20,35,57.14285714285714
2026-04-27 13:59:55,13,35,37.142857142857146
2026-04-27 16:15:39,23,35,65.71428571428571
2026-04-27 18:00:01,38,35,108.57142857142857
2026-04-27 19:37:14,30,35,85.71428571428571
2026-04-27 20:51:55,13,35,37.142857142857146
2026-04-27 22:01:59,4,35,11.428571428571429
2026-04-27 23:12:37,5,35,14.285714285714285
2026-04-28 00:07:30,0,35,0
2026-04-28 01:07:41,0,35,0
2026-04-28 02:03:31,0,35,0
2026-04-28 07:53:32,14,35,40
2026-04-28 10:06:00,12,35,34.285714285714285
2026-04-28 12:24:09,13,35,37.142857142857146
2026-04-28 14:08:57,17,35,48.57142857142857
2026-04-28 16:39:39,25,35,71.42857142857143
2026-04-28 18:26:46,34,35,97.14285714285714
2026-04-28 20:02:25,25,35,71.42857142857143
2026-04-28 21:52:33,9,35,25.71428571428571
2026-04-28 22:55:22,3,35,8.571428571428571
2026-04-28 23:52:26,0,35,0
2026-04-29 00:42:59,0,35,0
2026-04-29 01:38:26,0,35,0
2026-04-29 03:22:00,0,35,0
2026-04-29 07:49:01,16,35,45.714285714285715
2026-04-29 09:52:25,11,35,31.428571428571427
2026-04-29 11:53:31,17,35,48.57142857142857
2026-04-29 13:23:24,7,35,20
2026-04-29 15:01:16,16,35,45.714285714285715
2026-04-29 17:22:31,27,35,77.14285714285715
2026-04-29 18:56:55,26,35,74.28571428571429
2026-04-29 20:10:39,21,35,60
2026-04-29 21:52:51,5,35,14.285714285714285
2026-04-29 22:48:45,4,35,11.428571428571429
2026-04-29 23:45:50,3,35,8.571428571428571
2026-04-30 00:40:16,0,35,0
2026-04-30 01:35:52,0,35,0
2026-04-30 03:20:38,0,35,0
2026-04-30 07:52:51,12,35,34.285714285714285
2026-04-30 09:59:25,17,35,48.57142857142857
2026-04-30 12:11:20,15,35,42.857142857142854
2026-04-30 13:53:21,10,35,28.57142857142857
2026-04-30 15:17:40,19,35,54.285714285714285
2026-04-30 17:24:12,16,35,45.714285714285715
2026-04-30 18:53:53,12,35,34.285714285714285
2026-04-30 20:04:08,10,35,28.57142857142857
2026-04-30 21:45:58,9,35,25.71428571428571
2026-04-30 22:44:23,2,35,5.714285714285714
2026-04-30 23:41:13,2,35,5.714285714285714
2026-05-01 00:34:51,0,35,0
2026-05-01 01:31:01,0,35,0
2026-05-01 03:21:55,0,35,0
2026-05-01 08:10:35,9,35,25.71428571428571
2026-05-01 10:24:08,26,35,74.28571428571429
2026-05-01 12:00:53,21,35,60
2026-05-01 13:15:48,15,35,42.857142857142854
2026-05-01 14:07:00,15,35,42.857142857142854
2026-05-01 15:50:56,8,35,22.857142857142858
2026-05-01 16:42:17,7,35,20
2026-05-01 17:39:55,9,35,25.71428571428571
2026-05-01 18:37:51,12,35,34.285714285714285
2026-05-01 19:38:20,4,35,11.428571428571429
2026-05-01 20:44:38,3,35,8.571428571428571
2026-05-01 21:53:35,3,35,8.571428571428571
2026-05-01 22:40:23,5,35,14.285714285714285
2026-05-01 23:36:45,4,35,11.428571428571429
2026-05-02 00:30:47,0,35,0
2026-05-02 01:29:46,0,35,0
2026-05-02 03:12:11,0,35,0
2026-05-02 07:31:17,4,35,11.428571428571429
2026-05-02 09:12:40,10,35,28.57142857142857
2026-05-02 10:43:28,16,35,45.714285714285715
2026-05-02 11:46:20,18,35,51.42857142857142
2026-05-02 12:36:27,17,35,48.57142857142857
2026-05-02 13:27:50,19,35,54.285714285714285
2026-05-02 14:07:17,10,35,28.57142857142857
2026-05-02 15:44:43,18,35,51.42857142857142
2026-05-02 16:35:29,13,35,37.142857142857146
2026-05-02 17:27:25,12,35,34.285714285714285
2026-05-02 18:09:44,14,35,40
2026-05-02 19:05:12,13,35,37.142857142857146
2026-05-02 19:58:21,8,35,22.857142857142858
2026-05-02 21:04:21,5,35,14.285714285714285
2026-05-02 21:56:58,7,35,20
2026-05-02 22:40:47,7,35,20
2026-05-02 23:24:11,3,35,8.571428571428571
2026-05-03 00:03:41,0,35,0
2026-05-03 00:57:05,0,35,0
2026-05-03 01:42:27,0,35,0
2026-05-03 03:20:45,0,35,0
2026-05-03 07:53:05,3,35,8.571428571428571
2026-05-03 09:44:35,10,35,28.57142857142857
2026-05-03 11:07:53,14,35,40
2026-05-03 12:14:57,26,35,74.28571428571429
2026-05-03 13:08:14,18,35,51.42857142857142
2026-05-03 13:56:12,25,35,71.42857142857143
2026-05-03 15:04:06,28,35,80
2026-05-03 16:13:46,21,35,60
2026-05-03 17:06:36,15,35,42.857142857142854
2026-05-03 17:58:28,8,35,22.857142857142858
2026-05-03 18:55:23,13,35,37.142857142857146
2026-05-03 19:42:26,19,35,54.285714285714285
2026-05-03 20:35:46,10,35,28.57142857142857
2026-05-03 21:38:17,6,35,17.142857142857142
2026-05-03 22:22:37,4,35,11.428571428571429
2026-05-03 23:06:37,5,35,14.285714285714285
2026-05-03 23:56:53,1,35,2.857142857142857
2026-05-04 00:40:02,0,35,0
2026-05-04 01:26:58,0,35,0
2026-05-04 02:10:27,0,35,0
2026-05-04 07:58:28,18,35,51.42857142857142
2026-05-04 10:33:23,14,35,40
2026-05-04 12:34:07,18,35,51.42857142857142
2026-05-04 14:11:52,14,35,40
2026-05-04 16:30:20,29,35,82.85714285714286
2026-05-04 18:19:13,30,35,85.71428571428571
2026-05-04 19:54:54,30,35,85.71428571428571
2026-05-04 21:19:50,26,35,74.28571428571429
2026-05-04 22:42:41,8,35,22.857142857142858
2026-05-04 23:45:33,4,35,11.428571428571429
2026-05-05 00:41:47,0,35,0
2026-05-05 01:35:12,0,35,0
2026-05-05 03:14:54,0,35,0
2026-05-05 07:37:08,12,35,34.285714285714285
2026-05-05 09:33:11,20,35,57.14285714285714
2026-05-05 11:30:13,14,35,40
2026-05-05 13:03:25,11,35,31.428571428571427
2026-05-05 14:10:05,22,35,62.857142857142854
2026-05-05 16:23:03,31,35,88.57142857142857
2026-05-05 19:45:43,27,35,77.14285714285715
2026-05-05 20:58:06,25,35,71.42857142857143
2026-05-05 22:08:36,6,35,17.142857142857142
2026-05-05 23:12:04,4,35,11.428571428571429
2026-05-06 00:12:07,0,35,0
2026-05-06 01:11:08,0,35,0
2026-05-06 02:02:35,0,35,0
2026-05-06 07:51:46,19,35,54.285714285714285
2026-05-06 09:58:43,15,35,42.857142857142854
2026-05-06 12:21:54,17,35,48.57142857142857
2026-05-06 14:12:50,16,35,45.714285714285715
2026-05-06 16:46:32,32,35,91.42857142857143
2026-05-06 18:19:51,30,35,85.71428571428571
2026-05-06 19:55:20,22,35,62.857142857142854
2026-05-06 21:29:09,10,35,28.57142857142857
2026-05-06 22:52:55,4,35,11.428571428571429
2026-05-06 23:50:13,1,35,2.857142857142857
2026-05-07 00:35:54,0,35,0
2026-05-07 01:31:04,0,35,0
2026-05-07 03:17:32,0,35,0
2026-05-07 07:56:18,13,35,37.142857142857146
2026-05-07 10:29:34,18,35,51.42857142857142
2026-05-07 12:40:40,16,35,45.714285714285715
2026-05-07 14:20:52,12,35,34.285714285714285
2026-05-07 17:07:36,29,35,82.85714285714286
2026-05-07 19:01:34,17,35,48.57142857142857
2026-05-07 20:50:56,23,35,65.71428571428571
2026-05-07 22:06:32,4,35,11.428571428571429
2026-05-07 23:12:53,4,35,11.428571428571429
2026-05-08 00:16:09,0,35,0
2026-05-08 01:12:51,0,35,0
2026-05-08 02:06:45,0,35,0
2026-05-08 07:25:22,13,35,37.142857142857146
2026-05-08 09:03:58,16,35,45.714285714285715
2026-05-08 10:45:19,18,35,51.42857142857142
2026-05-08 12:09:52,10,35,28.57142857142857
2026-05-08 13:44:20,18,35,51.42857142857142
2026-05-08 14:59:37,17,35,48.57142857142857
2026-05-08 16:56:41,23,35,65.71428571428571
2026-05-08 18:12:24,23,35,65.71428571428571
2026-05-08 19:43:51,15,35,42.857142857142854
2026-05-08 20:57:33,13,35,37.142857142857146
2026-05-08 22:06:25,9,35,25.71428571428571
2026-05-08 23:13:31,3,35,8.571428571428571
2026-05-09 00:11:31,0,35,0
2026-05-09 01:09:32,0,35,0
2026-05-09 02:08:27,0,35,0
2026-05-09 07:43:37,5,35,14.285714285714285
2026-05-09 09:26:50,10,35,28.57142857142857
2026-05-09 10:57:56,22,35,62.857142857142854
2026-05-09 12:06:37,20,35,57.14285714285714
2026-05-09 13:10:02,14,35,40
2026-05-09 13:59:20,15,35,42.857142857142854
2026-05-09 15:38:00,15,35,42.857142857142854
2026-05-09 16:36:21,14,35,40
2026-05-09 17:33:14,13,35,37.142857142857146
2026-05-09 18:31:07,9,35,25.71428571428571
2026-05-09 19:30:42,6,35,17.142857142857142
2026-05-09 20:32:55,6,35,17.142857142857142
2026-05-09 21:41:27,8,35,22.857142857142858
2026-05-09 22:25:41,4,35,11.428571428571429
2026-05-09 23:08:11,3,35,8.571428571428571
2026-05-09 23:58:34,1,35,2.857142857142857
2026-05-10 00:51:24,0,35,0
2026-05-10 01:33:26,0,35,0
2026-05-10 03:22:49,0,35,0
2026-05-10 07:59:04,4,35,11.428571428571429
2026-05-10 10:13:47,16,35,45.714285714285715
2026-05-10 11:48:17,26,35,74.28571428571429
2026-05-10 12:49:01,16,35,45.714285714285715
2026-05-10 13:37:08,13,35,37.142857142857146
2026-05-10 14:38:19,18,35,51.42857142857142
2026-05-10 16:05:13,24,35,68.57142857142857
2026-05-10 17:07:32,14,35,40
2026-05-10 18:05:41,13,35,37.142857142857146
2026-05-10 19:08:50,14,35,40
2026-05-10 20:03:19,14,35,40
2026-05-10 21:18:22,10,35,28.57142857142857
2026-05-10 22:05:30,5,35,14.285714285714285
2026-05-10 23:01:05,2,35,5.714285714285714
2026-05-10 23:56:21,2,35,5.714285714285714
2026-05-11 00:43:36,0,35,0
2026-05-11 01:35:39,0,35,0
2026-05-11 03:28:44,0,35,0
2026-05-11 08:33:15,14,35,40
2026-05-11 12:08:03,14,35,40
2026-05-11 14:49:02,29,35,82.85714285714286
2026-05-11 17:49:59,35,35,100
2026-05-11 19:46:10,32,35,91.42857142857143
2026-05-11 21:20:08,18,35,51.42857142857142
2026-05-11 22:55:56,5,35,14.285714285714285
2026-05-12 00:03:20,0,35,0
2026-05-12 01:05:40,0,35,0
2026-05-12 02:07:45,0,35,0
2026-05-12 08:09:20,13,35,37.142857142857146
2026-05-12 10:52:26,11,35,31.428571428571427
2026-05-12 13:07:59,9,35,25.71428571428571
2026-05-12 15:17:26,11,35,31.428571428571427
2026-05-12 17:46:37,28,35,80
2026-05-12 19:49:43,25,35,71.42857142857143
2026-05-12 21:23:41,19,35,54.285714285714285
2026-05-12 22:56:27,2,35,5.714285714285714
2026-05-13 00:09:58,0,35,0
2026-05-13 01:17:45,0,35,0
2026-05-13 02:15:10,0,35,0
2026-05-13 08:22:05,12,35,34.285714285714285
2026-05-13 11:21:32,17,35,48.57142857142857
2026-05-13 13:37:01,15,35,42.857142857142854
2026-05-13 15:38:01,14,35,40
2026-05-13 18:08:20,26,35,74.28571428571429
2026-05-13 20:14:35,18,35,51.42857142857142
2026-05-13 22:11:16,5,35,14.285714285714285
2026-05-13 23:43:42,6,35,17.142857142857142
2026-05-14 00:48:50,0,35,0
2026-05-14 01:44:04,0,35,0
2026-05-14 03:32:58,0,35,0
2026-05-14 08:19:03,17,35,48.57142857142857
2026-05-14 11:11:06,50,35,142.85714285714286
2026-05-14 13:21:32,39,35,111.42857142857143
2026-05-14 15:11:17,31,35,88.57142857142857
2026-05-14 17:31:29,21,35,60
2026-05-14 19:22:18,18,35,51.42857142857142
2026-05-14 21:13:10,16,35,45.714285714285715
2026-05-14 22:46:04,4,35,11.428571428571429
2026-05-14 23:53:27,0,35,0
2026-05-15 00:48:21,0,35,0
2026-05-15 01:41:12,0,35,0
2026-05-15 03:30:01,0,35,0
2026-05-15 08:28:29,13,35,37.142857142857146
2026-05-15 11:29:48,33,35,94.28571428571428
2026-05-15 13:33:59,17,35,48.57142857142857
2026-05-15 15:14:49,21,35,60
2026-05-15 17:31:11,34,35,97.14285714285714
2026-05-15 19:11:28,5,35,14.285714285714285
2026-05-15 20:52:48,12,35,34.285714285714285
2026-05-15 22:09:14,7,35,20
2026-05-15 23:17:12,4,35,11.428571428571429
2026-05-16 00:12:48,0,35,0
2026-05-16 01:12:07,0,35,0
2026-05-16 02:05:46,0,35,0
2026-05-16 07:49:25,4,35,11.428571428571429
2026-05-16 09:42:36,30,35,85.71428571428571
2026-05-16 11:15:14,25,35,71.42857142857143
2026-05-16 12:38:58,28,35,80
2026-05-16 13:34:43,23,35,65.71428571428571
2026-05-16 14:41:40,18,35,51.42857142857142
2026-05-16 16:08:49,18,35,51.42857142857142
2026-05-16 17:13:35,22,35,62.857142857142854
2026-05-16 18:10:03,10,35,28.57142857142857
2026-05-16 19:13:22,14,35,40
2026-05-16 20:07:00,10,35,28.57142857142857
2026-05-16 21:20:34,10,35,28.57142857142857
2026-05-16 22:08:24,7,35,20
2026-05-16 23:01:51,2,35,5.714285714285714
2026-05-16 23:57:24,1,35,2.857142857142857
2026-05-17 00:45:18,0,35,0
2026-05-17 01:35:59,0,35,0
2026-05-17 03:28:24,0,35,0
2026-05-17 08:17:26,3,35,8.571428571428571
2026-05-17 10:33:37,3,35,8.571428571428571
2026-05-17 12:10:04,2,35,5.714285714285714
2026-05-17 13:32:22,2,35,5.714285714285714
2026-05-17 14:36:47,2,35,5.714285714285714
2026-05-17 16:07:47,1,35,2.857142857142857
2026-05-17 17:14:40,2,35,5.714285714285714
2026-05-17 18:13:32,3,35,8.571428571428571
2026-05-17 19:15:01,4,35,11.428571428571429
2026-05-17 20:11:04,4,35,11.428571428571429
2026-05-17 21:35:22,3,35,8.571428571428571
2026-05-17 22:27:27,0,35,0
2026-05-17 23:27:02,1,35,2.857142857142857
2026-05-18 00:25:13,0,35,0
2026-05-18 01:27:47,0,35,0
2026-05-18 03:27:45,0,35,0
2026-05-18 08:51:30,6,35,17.142857142857142
2026-05-18 12:51:46,8,35,22.857142857142858
2026-05-18 16:20:50,20,35,57.14285714285714
2026-05-18 19:13:13,17,35,48.57142857142857
2026-05-18 21:03:08,12,35,34.285714285714285
2026-05-18 22:41:39,4,35,11.428571428571429
2026-05-18 23:50:25,1,35,2.857142857142857
2026-05-19 00:43:50,0,35,0
2026-05-19 01:46:58,0,35,0
2026-05-19 03:50:03,0,35,0
2026-05-19 08:43:10,13,35,37.142857142857146
2026-05-19 12:27:01,11,35,31.428571428571427
2026-05-19 15:40:03,22,35,62.857142857142854
2026-05-19 18:39:46,30,35,85.71428571428571
2026-05-19 20:25:19,23,35,65.71428571428571
2026-05-19 22:11:19,14,35,40
2026-05-19 23:44:14,3,35,8.571428571428571
2026-05-20 00:48:46,0,35,0
2026-05-20 01:47:28,0,35,0
2026-05-20 03:50:16,0,35,0
2026-05-20 08:43:44,15,35,42.857142857142854
2026-05-20 12:03:30,18,35,51.42857142857142
2026-05-20 14:34:18,13,35,37.142857142857146
2026-05-20 18:08:44,18,35,51.42857142857142
2026-05-20 20:29:13,22,35,62.857142857142854
2026-05-20 22:34:35,5,35,14.285714285714285
2026-05-21 00:12:59,0,35,0
2026-05-21 01:39:07,0,35,0
2026-05-21 03:32:52,0,35,0
2026-05-21 08:48:22,14,35,40
2026-05-21 12:25:58,14,35,40
2026-05-21 15:42:52,20,35,57.14285714285714
2026-05-21 18:29:05,20,35,57.14285714285714
2026-05-21 20:20:30,23,35,65.71428571428571
2026-05-21 22:14:50,10,35,28.57142857142857
2026-05-21 23:50:02,1,35,2.857142857142857
2026-05-22 00:55:14,0,35,0
2026-05-22 01:57:18,0,35,0
2026-05-22 08:44:20,9,35,25.71428571428571
2026-05-22 12:00:46,13,35,37.142857142857146
2026-05-22 14:28:39,9,35,25.71428571428571
2026-05-22 17:35:19,23,35,65.71428571428571
2026-05-22 19:26:08,9,35,25.71428571428571
2026-05-22 21:11:06,11,35,31.428571428571427
2026-05-22 22:47:15,3,35,8.571428571428571
2026-05-22 23:50:21,1,35,2.857142857142857
2026-05-23 00:44:15,0,35,0
2026-05-23 01:48:32,0,35,0
2026-05-23 03:30:18,0,35,0
2026-05-23 08:08:54,8,35,22.857142857142858
2026-05-23 10:30:21,20,35,57.14285714285714
2026-05-23 12:12:53,32,35,91.42857142857143
2026-05-23 13:35:49,32,35,91.42857142857143
2026-05-23 14:39:45,16,35,45.714285714285715
2026-05-23 16:13:24,15,35,42.857142857142854
2026-05-23 17:31:29,14,35,40
2026-05-23 18:32:11,10,35,28.57142857142857
2026-05-23 19:35:47,13,35,37.142857142857146
2026-05-23 20:39:25,9,35,25.71428571428571
2026-05-23 21:47:55,6,35,17.142857142857142
2026-05-23 22:34:09,2,35,5.714285714285714
2026-05-23 23:31:30,3,35,8.571428571428571
2026-05-24 00:28:22,0,35,0
2026-05-24 01:30:28,0,35,0
2026-05-24 03:30:41,0,35,0
2026-05-24 08:32:24,7,35,20
2026-05-24 11:06:29,10,35,28.57142857142857
2026-05-24 12:48:51,18,35,51.42857142857142
2026-05-24 13:53:58,14,35,40
2026-05-24 15:01:49,15,35,42.857142857142854
2026-05-24 16:41:17,13,35,37.142857142857146
2026-05-24 17:46:46,19,35,54.285714285714285
2026-05-24 18:44:31,10,35,28.57142857142857
2026-05-24 19:42:46,4,35,11.428571428571429
2026-05-24 20:48:15,7,35,20
2026-05-24 21:54:49,12,35,34.285714285714285
2026-05-24 22:46:08,5,35,14.285714285714285
2026-05-24 23:40:32,2,35,5.714285714285714
2026-05-25 00:39:44,0,35,0
2026-05-25 01:41:44,0,35,0
2026-05-25 03:52:05,0,35,0
2026-05-25 09:09:13,11,35,31.428571428571427
2026-05-25 13:16:04,32,35,91.42857142857143
2026-05-25 16:17:53,31,35,88.57142857142857
2026-05-25 18:34:06,23,35,65.71428571428571
2026-05-25 20:12:08,11,35,31.428571428571427
2026-05-25 21:58:23,7,35,20
2026-05-25 23:11:56,5,35,14.285714285714285
2026-05-26 00:17:09,0,35,0
2026-05-26 01:34:08,0,35,0
2026-05-26 03:27:03,0,35,0
2026-05-26 08:41:06,20,35,57.14285714285714
2026-05-26 12:36:51,10,35,28.57142857142857
2026-05-26 15:37:23,19,35,54.285714285714285
2026-05-26 18:59:31,27,35,77.14285714285715
2026-05-26 21:22:13,19,35,54.285714285714285
2026-05-26 23:03:44,11,35,31.428571428571427
2026-05-27 00:36:30,0,35,0
2026-05-27 01:44:40,0,35,0
2026-05-27 03:52:20,0,35,0
2026-05-27 08:59:22,20,35,57.14285714285714
2026-05-27 12:57:49,7,35,20
2026-05-27 16:27:06,15,35,42.857142857142854
2026-05-27 19:40:22,19,35,54.285714285714285
2026-05-27 21:47:54,11,35,31.428571428571427
2026-05-27 23:29:06,3,35,8.571428571428571
2026-05-28 00:57:01,0,35,0
2026-05-28 01:59:41,0,35,0
2026-05-28 08:49:49,15,35,42.857142857142854
2026-05-28 12:42:09,8,35,22.857142857142858
2026-05-28 16:23:43,17,35,48.57142857142857
2026-05-28 19:46:36,20,35,57.14285714285714
2026-05-28 21:56:59,15,35,42.857142857142854
2026-05-28 23:54:20,2,35,5.714285714285714
2026-05-29 01:07:35,0,35,0
2026-05-29 02:17:49,0,35,0
2026-05-29 08:49:12,15,35,42.857142857142854
2026-05-29 12:35:18,21,35,60
2026-05-29 15:46:46,13,35,37.142857142857146
2026-05-29 19:03:44,11,35,31.428571428571427
2026-05-29 21:38:19,8,35,22.857142857142858
2026-05-29 23:25:14,0,35,0
2026-05-30 00:48:10,0,35,0
2026-05-30 01:57:24,0,35,0
2026-05-30 08:19:24,8,35,22.857142857142858
2026-05-30 10:41:45,17,35,48.57142857142857
2026-05-30 12:28:41,11,35,31.428571428571427
2026-05-30 13:53:09,12,35,34.285714285714285
2026-05-30 14:59:36,25,35,71.42857142857143
2026-05-30 16:42:35,9,35,25.71428571428571
2026-05-30 17:51:06,7,35,20
2026-05-30 18:46:39,7,35,20
2026-05-30 19:47:11,3,35,8.571428571428571
2026-05-30 20:50:33,2,35,5.714285714285714
2026-05-30 21:59:02,4,35,11.428571428571429
2026-05-30 23:04:21,4,35,11.428571428571429
2026-05-31 00:09:29,0,35,0
2026-05-31 01:13:02,0,35,0
2026-05-31 02:14:18,0,35,0
2026-05-31 08:54:33,12,35,34.285714285714285
2026-05-31 11:44:10,13,35,37.142857142857146
2026-05-31 13:20:59,15,35,42.857142857142854
2026-05-31 14:52:01,12,35,34.285714285714285
2026-05-31 16:23:37,12,35,34.285714285714285
2026-05-31 17:44:56,17,35,48.57142857142857
2026-05-31 18:47:07,12,35,34.285714285714285
2026-05-31 19:47:03,12,35,34.285714285714285
2026-05-31 20:55:09,12,35,34.285714285714285
2026-05-31 22:02:53,6,35,17.142857142857142
2026-05-31 23:11:36,0,35,0
2026-06-01 00:13:08,0,35,0
2026-06-01 01:18:03,0,35,0
2026-06-01 02:17:11,0,35,0
2026-06-01 10:29:37,8,35,22.857142857142858
2026-06-01 16:36:42,24,35,68.57142857142857
2026-06-01 21:31:04,24,35,68.57142857142857
2026-06-02 00:22:36,0,35,0
2026-06-02 01:46:50,0,35,0
2026-06-02 04:04:41,0,35,0
2026-06-02 09:20:20,15,35,42.857142857142854
2026-06-02 13:45:21,10,35,28.57142857142857
2026-06-02 17:46:09,35,35,100
2026-06-02 21:29:34,16,35,45.714285714285715
2026-06-03 00:07:10,0,35,0
2026-06-03 02:00:19,0,35,0
2026-06-03 10:11:09,14,35,40
2026-06-03 14:49:46,15,35,42.857142857142854
2026-06-03 19:52:52,25,35,71.42857142857143
2026-06-03 22:43:30,7,35,20
2026-06-04 00:53:13,0,35,0
2026-06-04 02:24:13,0,35,0
2026-06-04 09:20:10,21,35,60
2026-06-04 12:45:18,25,35,71.42857142857143
2026-06-04 15:48:57,24,35,68.57142857142857
2026-06-04 18:39:16,22,35,62.857142857142854
2026-06-04 21:04:31,22,35,62.857142857142854
2026-06-04 23:00:50,4,35,11.428571428571429
2026-06-05 00:26:05,0,35,0
2026-06-05 01:44:01,0,35,0
2026-06-05 03:53:59,0,35,0
2026-06-05 09:03:13,8,35,22.857142857142858
2026-06-05 12:53:11,14,35,40
2026-06-05 15:46:13,26,35,74.28571428571429
2026-06-05 18:18:59,20,35,57.14285714285714
2026-06-05 20:15:57,9,35,25.71428571428571
2026-06-05 22:15:27,3,35,8.571428571428571
2026-06-05 23:46:26,2,35,5.714285714285714
2026-06-06 00:48:22,0,35,0
2026-06-06 01:52:57,0,35,0
2026-06-06 03:56:56,0,35,0
2026-06-06 08:24:26,8,35,22.857142857142858
2026-06-06 11:05:53,25,35,71.42857142857143
2026-06-06 12:57:53,14,35,40
2026-06-06 14:05:16,8,35,22.857142857142858
2026-06-06 16:04:41,15,35,42.857142857142854
2026-06-06 17:23:28,9,35,25.71428571428571
2026-06-06 18:36:54,8,35,22.857142857142858
2026-06-06 19:45:57,9,35,25.71428571428571
2026-06-06 20:55:57,4,35,11.428571428571429
2026-06-06 22:06:42,6,35,17.142857142857142
2026-06-06 23:15:10,3,35,8.571428571428571
2026-06-07 00:18:30,0,35,0
2026-06-07 01:31:04,0,35,0
2026-06-07 03:38:10,0,35,0
2026-06-07 09:02:00,8,35,22.857142857142858
2026-06-07 12:08:47,11,35,31.428571428571427
2026-06-07 14:00:57,15,35,42.857142857142854
2026-06-07 16:13:03,14,35,40
2026-06-07 17:42:47,14,35,40
2026-06-07 18:57:24,16,35,45.714285714285715
2026-06-07 20:04:53,10,35,28.57142857142857
2026-06-07 21:44:03,6,35,17.142857142857142
2026-06-07 22:52:37,3,35,8.571428571428571
2026-06-07 23:55:42,1,35,2.857142857142857
2026-06-08 01:00:40,0,35,0
2026-06-08 02:18:15,0,35,0
2026-06-08 09:26:10,13,35,37.142857142857146
2026-06-08 14:13:25,19,35,54.285714285714285
2026-06-08 18:20:08,43,35,122.85714285714286
2026-06-08 20:38:50,30,35,85.71428571428571
2026-06-08 23:04:25,2,35,5.714285714285714
2026-06-09 00:44:18,0,35,0
2026-06-09 01:51:05,0,35,0
2026-06-09 03:44:29,0,35,0
2026-06-09 08:43:22,23,35,65.71428571428571
2026-06-09 12:23:44,21,35,60
2026-06-09 15:20:42,20,35,57.14285714285714
2026-06-09 18:14:14,18,35,51.42857142857142
2026-06-09 20:21:57,18,35,51.42857142857142
2026-06-09 22:21:59,16,35,45.714285714285715
2026-06-10 00:00:09,0,35,0
2026-06-10 01:22:53,0,35,0
2026-06-10 03:33:44,0,35,0
2026-06-10 09:04:33,19,35,54.285714285714285
2026-06-10 13:01:15,12,35,34.285714285714285
2026-06-10 16:26:39,25,35,71.42857142857143
2026-06-10 19:41:00,18,35,51.42857142857142
2026-06-10 21:56:56,15,35,42.857142857142854
2026-06-11 00:00:52,0,35,0
2026-06-11 01:41:44,0,35,0
2026-06-11 04:03:54,0,35,0
2026-06-11 09:25:48,19,35,54.285714285714285
2026-06-11 13:53:41,14,35,40
2026-06-11 17:33:50,18,35,51.42857142857142
2026-06-11 20:35:21,6,35,17.142857142857142
2026-06-11 23:04:32,5,35,14.285714285714285
2026-06-12 00:53:52,0,35,0
2026-06-12 02:14:35,0,35,0
2026-06-12 09:18:17,9,35,25.71428571428571
2026-06-12 13:10:21,14,35,40
2026-06-12 16:14:20,27,35,77.14285714285715
2026-06-12 19:16:37,17,35,48.57142857142857
2026-06-12 21:24:04,6,35,17.142857142857142
2026-06-12 23:10:09,2,35,5.714285714285714
2026-06-13 00:45:38,0,35,0
2026-06-13 02:06:42,0,35,0
2026-06-13 08:54:18,9,35,25.71428571428571
2026-06-13 11:52:04,29,35,82.85714285714286
2026-06-13 13:44:08,14,35,40
2026-06-13 15:12:22,21,35,60
2026-06-13 17:10:33,13,35,37.142857142857146
2026-06-13 18:44:27,10,35,28.57142857142857
2026-06-13 19:58:07,5,35,14.285714285714285
2026-06-13 21:39:35,6,35,17.142857142857142
2026-06-13 22:51:32,4,35,11.428571428571429
2026-06-13 23:54:02,1,35,2.857142857142857
2026-06-14 00:54:46,0,35,0
2026-06-14 02:00:14,0,35,0
2026-06-14 09:18:56,13,35,37.142857142857146
2026-06-14 12:33:12,19,35,54.285714285714285
2026-06-14 14:25:52,21,35,60
2026-06-14 16:38:49,22,35,62.857142857142854
2026-06-14 18:09:23,13,35,37.142857142857146
2026-06-14 19:45:17,19,35,54.285714285714285
2026-06-14 20:59:44,7,35,20
2026-06-14 22:21:50,3,35,8.571428571428571
2026-06-14 23:46:05,4,35,11.428571428571429
2026-06-15 00:53:35,0,35,0
2026-06-15 02:00:25,0,35,0
2026-06-15 10:55:34,12,35,34.285714285714285
2026-06-15 17:10:16,26,35,74.28571428571429
2026-06-15 21:07:58,20,35,57.14285714285714
2026-06-15 23:47:54,3,35,8.571428571428571
2026-06-16 01:25:37,0,35,0
2026-06-16 04:05:22,0,35,0
2026-06-16 10:41:56,15,35,42.857142857142854
2026-06-16 15:17:13,20,35,57.14285714285714
2026-06-16 20:11:33,13,35,37.142857142857146
2026-06-16 23:18:13,2,35,5.714285714285714
2026-06-17 00:58:01,0,35,0
2026-06-17 02:18:22,0,35,0
2026-06-17 10:24:09,8,35,22.857142857142858
2026-06-17 14:32:50,7,35,20
2026-06-17 18:25:08,24,35,68.57142857142857
2026-06-17 20:39:13,19,35,54.285714285714285
2026-06-17 22:54:37,5,35,14.285714285714285
2026-06-18 00:41:42,0,35,0
2026-06-18 02:02:26,0,35,0
2026-06-18 10:03:02,16,35,45.714285714285715
2026-06-18 13:55:47,16,35,45.714285714285715
2026-06-18 16:58:11,21,35,60
2026-06-18 20:05:52,9,35,25.71428571428571
2026-06-18 22:37:02,5,35,14.285714285714285
2026-06-19 00:31:49,0,35,0
2026-06-19 02:11:57,0,35,0
2026-06-19 10:27:28,17,35,48.57142857142857
2026-06-19 14:30:42,17,35,48.57142857142857
2026-06-19 17:49:51,13,35,37.142857142857146
2026-06-19 19:44:08,13,35,37.142857142857146
2026-06-19 21:17:36,6,35,17.142857142857142
2026-06-19 22:48:35,2,35,5.714285714285714
2026-06-19 23:54:16,0,35,0
2026-06-20 00:44:56,0,35,0
2026-06-20 01:50:11,0,35,0
2026-06-20 03:55:02,0,35,0
2026-06-20 08:57:08,11,35,31.428571428571427
2026-06-20 12:08:25,22,35,62.857142857142854
2026-06-20 14:07:09,18,35,51.42857142857142
2026-06-20 16:27:05,14,35,40
2026-06-20 17:57:39,16,35,45.714285714285715
2026-06-20 19:26:38,4,35,11.428571428571429
2026-06-20 20:53:41,2,35,5.714285714285714
2026-06-20 22:11:10,3,35,8.571428571428571
2026-06-20 23:39:12,1,35,2.857142857142857
2026-06-21 00:47:33,0,35,0
2026-06-21 01:52:52,0,35,0
2026-06-21 04:27:59,0,35,0
2026-06-21 09:28:41,6,35,17.142857142857142
2026-06-21 12:52:28,8,35,22.857142857142858
2026-06-21 14:59:00,6,35,17.142857142857142
2026-06-21 17:11:45,7,35,20
2026-06-21 18:54:29,12,35,34.285714285714285
2026-06-21 20:14:58,8,35,22.857142857142858
2026-06-21 22:04:16,5,35,14.285714285714285
2026-06-21 23:37:54,3,35,8.571428571428571
2026-06-22 00:46:34,0,35,0
2026-06-22 01:58:26,0,35,0
2026-06-22 10:52:48,11,35,31.428571428571427
2026-06-22 16:22:10,15,35,42.857142857142854
2026-06-22 20:29:12,13,35,37.142857142857146
2026-06-22 23:20:07,1,35,2.857142857142857
2026-06-23 00:57:11,0,35,0
2026-06-23 02:05:49,0,35,0
2026-06-23 08:43:42,8,35,22.857142857142858
2026-06-23 12:23:02,12,35,34.285714285714285
2026-06-23 15:19:00,17,35,48.57142857142857
2026-06-23 18:06:43,22,35,62.857142857142854
2026-06-23 20:08:36,10,35,28.57142857142857
2026-06-23 22:20:22,1,35,2.857142857142857
2026-06-23 23:52:45,3,35,8.571428571428571
2026-06-24 00:56:44,0,35,0
2026-06-24 01:54:57,0,35,0
2026-06-24 04:40:03,0,35,0
2026-06-24 08:40:56,12,35,34.285714285714285
2026-06-24 12:00:40,19,35,54.285714285714285
2026-06-24 14:24:33,10,35,28.57142857142857
2026-06-24 17:15:49,16,35,45.714285714285715
2026-06-24 19:20:32,11,35,31.428571428571427
2026-06-24 21:03:42,14,35,40
2026-06-24 22:52:40,9,35,25.71428571428571
2026-06-25 00:04:26,0,35,0
2026-06-25 01:17:49,0,35,0
2026-06-25 03:28:41,0,35,0
2026-06-25 08:42:37,15,35,42.857142857142854
2026-06-25 11:57:22,11,35,31.428571428571427
2026-06-25 14:21:20,10,35,28.57142857142857
2026-06-25 17:20:16,16,35,45.714285714285715
2026-06-25 19:25:45,6,35,17.142857142857142
2026-06-25 21:22:25,15,35,42.857142857142854
2026-06-25 23:07:44,4,35,11.428571428571429
2026-06-26 00:42:16,0,35,0
2026-06-26 01:57:59,0,35,0
2026-06-26 08:49:57,11,35,31.428571428571427
2026-06-26 12:10:31,6,35,17.142857142857142
2026-06-26 14:25:57,9,35,25.71428571428571
2026-06-26 17:08:47,16,35,45.714285714285715
2026-06-26 19:06:16,6,35,17.142857142857142
2026-06-26 21:00:07,3,35,8.571428571428571
2026-06-26 22:48:45,1,35,2.857142857142857
2026-06-26 23:55:13,0,35,0
2026-06-27 01:00:13,0,35,0
2026-06-27 02:16:21,0,35,0
2026-06-27 08:25:39,7,35,20
2026-06-27 11:10:03,16,35,45.714285714285715
2026-06-27 13:03:04,16,35,45.714285714285715
2026-06-27 14:13:55,11,35,31.428571428571427
2026-06-27 16:06:47,13,35,37.142857142857146
2026-06-27 17:35:39,7,35,20
2026-06-27 18:42:52,7,35,20
2026-06-27 19:45:21,3,35,8.571428571428571
2026-06-27 20:54:10,2,35,5.714285714285714
2026-06-27 22:03:16,2,35,5.714285714285714
2026-06-27 23:15:29,0,35,0
2026-06-28 00:17:31,0,35,0
2026-06-28 01:30:33,0,35,0
2026-06-28 03:35:19,0,35,0
2026-06-28 08:58:23,8,35,22.857142857142858
2026-06-28 12:04:23,22,35,62.857142857142854
2026-06-28 13:55:52,10,35,28.57142857142857
2026-06-28 15:28:12,2,35,5.714285714285714
2026-06-28 17:03:57,6,35,17.142857142857142
2026-06-28 18:21:09,13,35,37.142857142857146
2026-06-28 19:39:02,4,35,11.428571428571429
2026-06-28 20:48:51,8,35,22.857142857142858
2026-06-28 22:01:30,5,35,14.285714285714285
2026-06-28 23:12:19,4,35,11.428571428571429
2026-06-29 00:14:03,0,35,0
2026-06-29 01:18:49,0,35,0
2026-06-29 03:33:49,0,35,0
2026-06-29 09:25:16,10,35,28.57142857142857
2026-06-29 14:13:49,9,35,25.71428571428571
2026-06-29 18:11:10,15,35,42.857142857142854
2026-06-29 20:22:02,18,35,51.42857142857142
2026-06-29 22:18:29,12,35,34.285714285714285
2026-06-29 23:46:17,3,35,8.571428571428571
2026-06-30 00:41:22,0,35,0
2026-06-30 01:39:51,0,35,0
2026-06-30 03:36:01,0,35,0
2026-06-30 08:51:57,13,35,37.142857142857146
2026-06-30 12:19:46,16,35,45.714285714285715
2026-06-30 14:25:52,15,35,42.857142857142854
2026-06-30 17:07:55,15,35,42.857142857142854
2026-06-30 19:12:08,4,35,11.428571428571429
2026-06-30 21:04:59,3,35,8.571428571428571
2026-06-30 23:02:19,6,35,17.142857142857142
2026-07-01 00:23:27,0,35,0
2026-07-01 01:41:39,0,35,0
2026-07-01 03:56:02,0,35,0
2026-07-01 09:06:34,5,35,14.285714285714285
2026-07-01 12:47:40,7,35,20
2026-07-01 15:26:55,10,35,28.57142857142857
2026-07-01 18:04:29,15,35,42.857142857142854
2026-07-01 20:07:29,6,35,17.142857142857142
2026-07-01 22:08:17,7,35,20
2026-07-01 23:44:32,1,35,2.857142857142857
2026-07-02 00:53:39,0,35,0
2026-07-02 02:00:33,0,35,0
2026-07-02 08:35:04,6,35,17.142857142857142
2026-07-02 11:45:26,13,35,37.142857142857146
2026-07-02 13:56:59,13,35,37.142857142857146
2026-07-02 15:58:17,20,35,57.14285714285714
2026-07-02 18:05:40,14,35,40
2026-07-02 19:59:45,12,35,34.285714285714285
2026-07-02 21:41:46,11,35,31.428571428571427
2026-07-02 22:44:13,6,35,17.142857142857142
2026-07-02 23:49:12,3,35,8.571428571428571
2026-07-03 00:50:24,0,35,0
2026-07-03 01:49:45,0,35,0
2026-07-03 03:21:32,0,35,0
2026-07-03 08:25:39,6,35,17.142857142857142
2026-07-03 11:40:35,6,35,17.142857142857142
2026-07-03 13:54:54,13,35,37.142857142857146
2026-07-03 15:48:46,11,35,31.428571428571427
2026-07-03 17:44:37,10,35,28.57142857142857
2026-07-03 19:04:41,9,35,25.71428571428571
2026-07-03 20:21:38,6,35,17.142857142857142
2026-07-03 21:54:21,5,35,14.285714285714285
2026-07-03 22:54:34,5,35,14.285714285714285
2026-07-03 23:59:03,0,35,0
2026-07-04 01:09:08,0,35,0
2026-07-04 02:15:29,0,35,0
2026-07-04 08:13:41,8,35,22.857142857142858
2026-07-04 11:00:56,12,35,34.285714285714285
2026-07-04 12:57:51,10,35,28.57142857142857
2026-07-04 14:07:11,10,35,28.57142857142857
2026-07-04 15:55:03,6,35,17.142857142857142
2026-07-04 17:00:26,15,35,42.857142857142854
2026-07-04 18:10:36,12,35,34.285714285714285
2026-07-04 19:17:51,14,35,40
2026-07-04 20:15:09,18,35,51.42857142857142
2026-07-04 21:38:58,0,35,0
2026-07-04 22:34:06,4,35,11.428571428571429
2026-07-04 23:32:50,2,35,5.714285714285714
2026-07-05 00:32:25,0,35,0
2026-07-05 01:35:11,0,35,0
2026-07-05 03:20:06,0,35,0
2026-07-05 08:34:55,5,35,14.285714285714285
2026-07-05 11:29:50,14,35,40
2026-07-05 13:16:49,13,35,37.142857142857146
2026-07-05 14:42:38,22,35,62.857142857142854
2026-07-05 16:20:16,8,35,22.857142857142858
2026-07-05 17:40:18,5,35,14.285714285714285
2026-07-05 18:42:45,5,35,14.285714285714285
2026-07-05 19:45:31,8,35,22.857142857142858
2026-07-05 20:47:56,4,35,11.428571428571429
2026-07-05 22:01:50,0,35,0
2026-07-05 23:12:49,1,35,2.857142857142857
2026-07-06 00:13:16,0,35,0
2026-07-06 01:19:07,0,35,0
2026-07-06 03:10:50,0,35,0
2026-07-06 09:05:39,6,35,17.142857142857142
2026-07-06 13:42:20,4,35,11.428571428571429
2026-07-06 16:44:44,13,35,37.142857142857146
2026-07-06 19:29:22,11,35,31.428571428571427
2026-07-06 21:17:19,9,35,25.71428571428571
2026-07-06 23:03:11,7,35,20
2026-07-07 00:22:08,0,35,0
2026-07-07 01:33:36,0,35,0
2026-07-07 03:19:22,0,35,0
2026-07-07 08:40:11,13,35,37.142857142857146
2026-07-07 12:13:35,14,35,40
2026-07-07 14:38:24,13,35,37.142857142857146
2026-07-07 17:32:58,25,35,71.42857142857143
2026-07-07 19:33:58,11,35,31.428571428571427
2026-07-07 21:22:47,15,35,42.857142857142854
2026-07-07 23:00:05,3,35,8.571428571428571
2026-07-08 00:17:05,0,35,0
2026-07-08 01:15:43,0,35,0
2026-07-08 02:13:28,0,35,0
2026-07-08 07:44:27,8,35,22.857142857142858
2026-07-08 09:58:46,14,35,40
2026-07-08 12:21:48,11,35,31.428571428571427
2026-07-08 13:58:54,5,35,14.285714285714285
2026-07-08 16:24:35,12,35,34.285714285714285
2026-07-08 18:13:17,19,35,54.285714285714285
2026-07-08 19:51:52,8,35,22.857142857142858
2026-07-08 20:58:41,11,35,31.428571428571427
2026-07-08 22:23:18,11,35,31.428571428571427
2026-07-08 23:36:08,4,35,11.428571428571429
2026-07-09 00:38:15,0,35,0
2026-07-09 01:42:11,0,35,0
2026-07-09 03:15:14,0,35,0
2026-07-09 08:42:10,5,35,14.285714285714285
2026-07-09 12:05:51,10,35,28.57142857142857
2026-07-09 14:45:29,9,35,25.71428571428571
2026-07-09 17:45:10,13,35,37.142857142857146
2026-07-09 19:33:52,13,35,37.142857142857146
2026-07-09 21:09:31,7,35,20
2026-07-09 22:55:04,1,35,2.857142857142857
2026-07-10 00:16:10,0,35,0
2026-07-10 01:38:48,0,35,0
2026-07-10 03:13:50,0,35,0
2026-07-10 08:37:59,6,35,17.142857142857142
2026-07-10 12:03:12,16,35,45.714285714285715
2026-07-10 14:32:21,8,35,22.857142857142858
2026-07-10 17:15:08,11,35,31.428571428571427
2026-07-10 19:10:38,5,35,14.285714285714285
2026-07-10 20:43:37,6,35,17.142857142857142
2026-07-10 22:06:14,4,35,11.428571428571429
2026-07-10 23:16:45,1,35,2.857142857142857
2026-07-11 00:26:32,0,35,0
2026-07-11 01:27:04,0,35,0
2026-07-11 02:56:19,0,35,0
2026-07-11 07:34:17,3,35,8.571428571428571
2026-07-11 09:25:16,11,35,31.428571428571427
2026-07-11 11:05:47,19,35,54.285714285714285
2026-07-11 12:22:47,10,35,28.57142857142857
2026-07-11 13:27:31,16,35,45.714285714285715
2026-07-11 14:27:56,13,35,37.142857142857146
2026-07-11 16:00:53,10,35,28.57142857142857
2026-07-11 17:03:49,10,35,28.57142857142857
2026-07-11 18:04:02,6,35,17.142857142857142
2026-07-11 19:09:36,2,35,5.714285714285714
2026-07-11 20:04:51,1,35,2.857142857142857
2026-07-11 21:20:43,5,35,14.285714285714285
2026-07-11 22:12:24,2,35,5.714285714285714
2026-07-11 23:06:22,0,35,0
2026-07-12 00:02:08,0,35,0
2026-07-12 00:59:32,0,35,0
2026-07-12 02:02:14,0,35,0
2026-07-12 07:50:28,1,35,2.857142857142857
2026-07-12 09:50:59,2,35,5.714285714285714
2026-07-12 11:30:20,8,35,22.857142857142858
2026-07-12 12:55:55,7,35,20
2026-07-12 13:55:52,5,35,14.285714285714285
2026-07-12 15:11:07,6,35,17.142857142857142
2026-07-12 16:36:55,8,35,22.857142857142858
2026-07-12 17:38:35,6,35,17.142857142857142
2026-07-12 18:32:12,8,35,22.857142857142858
2026-07-12 19:35:32,6,35,17.142857142857142
2026-07-12 20:31:03,8,35,22.857142857142858
2026-07-12 21:41:41,7,35,20
2026-07-12 22:26:11,6,35,17.142857142857142
2026-07-12 23:22:03,3,35,8.571428571428571
2026-07-13 00:11:09,0,35,0
2026-07-13 01:08:05,0,35,0
2026-07-13 02:07:39,0,35,0
2026-07-13 08:08:44,6,35,17.142857142857142
2026-07-13 11:45:32,13,35,37.142857142857146
2026-07-13 14:22:41,13,35,37.142857142857146
2026-07-13 17:17:09,10,35,28.57142857142857
2026-07-13 19:24:01,12,35,34.285714285714285
2026-07-13 20:53:10,6,35,17.142857142857142
2026-07-13 22:06:10,6,35,17.142857142857142
2026-07-13 23:09:53,5,35,14.285714285714285
2026-07-14 00:07:30,0,35,0
2026-07-14 01:08:53,0,35,0
2026-07-14 02:04:19,0,35,0
2026-07-14 07:23:10,3,35,8.571428571428571
2026-07-14 09:22:36,10,35,28.57142857142857
2026-07-14 11:20:11,11,35,31.428571428571427
2026-07-14 12:58:10,4,35,11.428571428571429
2026-07-14 14:15:04,9,35,25.71428571428571
2026-07-14 16:14:55,14,35,40
2026-07-14 17:47:50,5,35,14.285714285714285
2026-07-14 18:54:48,6,35,17.142857142857142
2026-07-14 19:57:03,4,35,11.428571428571429
2026-07-14 21:17:57,6,35,17.142857142857142
2026-07-14 22:32:43,4,35,11.428571428571429
2026-07-14 23:32:28,6,35,17.142857142857142
2026-07-15 00:33:57,0,35,0
2026-07-15 01:27:31,0,35,0
2026-07-15 02:49:43,0,35,0
2026-07-15 07:24:33,4,35,11.428571428571429
2026-07-15 09:26:42,5,35,14.285714285714285
2026-07-15 11:28:02,16,35,45.714285714285715
2026-07-15 13:08:31,9,35,25.71428571428571
2026-07-15 14:40:10,6,35,17.142857142857142
2026-07-15 16:24:53,9,35,25.71428571428571
2026-07-15 17:58:48,11,35,31.428571428571427
2026-07-15 19:20:17,8,35,22.857142857142858
2026-07-15 20:34:04,8,35,22.857142857142858
2026-07-15 21:47:34,5,35,14.285714285714285
2026-07-15 22:44:14,6,35,17.142857142857142
2026-07-15 23:40:14,2,35,5.714285714285714
2026-07-16 00:38:51,0,35,0
2026-07-16 01:38:27,0,35,0
2026-07-16 03:05:08,0,35,0
2026-07-16 07:33:34,3,35,8.571428571428571
2026-07-16 09:36:40,6,35,17.142857142857142
2026-07-16 11:36:32,16,35,45.714285714285715
2026-07-16 13:19:59,5,35,14.285714285714285
2026-07-16 14:54:30,7,35,20
2026-07-16 16:52:39,13,35,37.142857142857146
2026-07-16 18:07:13,6,35,17.142857142857142
2026-07-16 19:36:47,9,35,25.71428571428571
2026-07-16 20:43:58,8,35,22.857142857142858
2026-07-16 21:46:26,4,35,11.428571428571429
2026-07-16 22:36:18,6,35,17.142857142857142
2026-07-16 23:40:51,1,35,2.857142857142857
2026-07-17 00:37:09,0,35,0
2026-07-17 01:33:09,0,35,0
2026-07-17 03:06:13,0,35,0
2026-07-17 07:35:11,2,35,5.714285714285714
2026-07-17 09:34:42,7,35,20
2026-07-17 11:28:42,8,35,22.857142857142858
2026-07-17 13:05:25,13,35,37.142857142857146
2026-07-17 14:18:26,14,35,40
2026-07-17 16:06:48,5,35,14.285714285714285
2026-07-17 17:34:33,13,35,37.142857142857146
2026-07-17 18:42:43,9,35,25.71428571428571
2026-07-17 19:45:49,10,35,28.57142857142857
2026-07-17 20:41:43,9,35,25.71428571428571
2026-07-17 21:46:31,6,35,17.142857142857142
2026-07-17 22:36:52,5,35,14.285714285714285
2026-07-17 23:27:57,5,35,14.285714285714285
2026-07-18 00:21:44,0,35,0
2026-07-18 01:11:56,0,35,0
2026-07-18 02:08:12,0,35,0
2026-07-18 07:18:22,1,35,2.857142857142857
2026-07-18 09:11:41,4,35,11.428571428571429
2026-07-18 10:57:33,9,35,25.71428571428571
2026-07-18 12:18:25,12,35,34.285714285714285
2026-07-18 13:25:54,22,35,62.857142857142854
2026-07-18 14:10:52,15,35,42.857142857142854
2026-07-18 15:45:58,15,35,42.857142857142854
2026-07-18 16:40:07,17,35,48.57142857142857
2026-07-18 17:35:58,12,35,34.285714285714285
2026-07-18 18:32:27,17,35,48.57142857142857
2026-07-18 19:34:17,13,35,37.142857142857146
2026-07-18 20:31:51,7,35,20
2026-07-18 21:44:36,5,35,14.285714285714285
2026-07-18 22:31:40,1,35,2.857142857142857
2026-07-18 23:26:28,1,35,2.857142857142857
2026-07-19 00:14:13,0,35,0
2026-07-19 01:11:43,0,35,0
2026-07-19 02:09:17,0,35,0
2026-07-19 07:44:47,2,35,5.714285714285714
2026-07-19 09:49:28,1,35,2.857142857142857
2026-07-19 11:31:13,14,35,40
2026-07-19 12:55:25,16,35,45.714285714285715
2026-07-19 13:52:10,17,35,48.57142857142857
2026-07-19 14:41:27,21,35,60
2026-07-19 16:11:35,17,35,48.57142857142857
2026-07-19 17:13:54,15,35,42.857142857142854
2026-07-19 18:10:56,9,35,25.71428571428571
2026-07-19 19:14:25,9,35,25.71428571428571
2026-07-19 20:09:05,8,35,22.857142857142858
2026-07-19 21:28:34,3,35,8.571428571428571
2026-07-19 22:23:26,4,35,11.428571428571429
2026-07-19 23:10:59,0,35,0
2026-07-20 00:07:38,0,35,0
2026-07-20 01:06:41,0,35,0
2026-07-20 02:07:31,0,35,0
2026-07-20 08:10:32,6,35,17.142857142857142
2026-07-20 11:32:08,8,35,22.857142857142858
2026-07-20 14:01:22,16,35,45.714285714285715
2026-07-20 16:26:05,12,35,34.285714285714285
2026-07-20 18:07:25,9,35,25.71428571428571
2026-07-20 20:15:17,9,35,25.71428571428571
2026-07-20 21:57:54,5,35,14.285714285714285
2026-07-20 23:12:33,5,35,14.285714285714285
2026-07-21 00:12:54,0,35,0
2026-07-21 01:14:17,0,35,0
2026-07-21 02:10:32,0,35,0
2026-07-21 07:43:36,5,35,14.285714285714285
2026-07-21 09:57:50,8,35,22.857142857142858
2026-07-21 12:25:43,11,35,31.428571428571427
2026-07-21 14:07:06,17,35,48.57142857142857
2026-07-21 16:17:17,16,35,45.714285714285715
2026-07-21 17:55:12,14,35,40
2026-07-21 19:09:59,15,35,42.857142857142854
2026-07-21 20:38:34,11,35,31.428571428571427
2026-07-21 22:04:50,8,35,22.857142857142858
2026-07-21 23:22:14,6,35,17.142857142857142
2026-07-22 00:15:24,0,35,0
2026-07-22 01:13:26,0,35,0
2026-07-22 02:08:02,0,35,0
2026-07-22 07:42:38,9,35,25.71428571428571
2026-07-22 09:57:38,10,35,28.57142857142857
2026-07-22 12:25:14,14,35,40
2026-07-22 14:10:35,12,35,34.285714285714285
2026-07-22 16:20:08,22,35,62.857142857142854
2026-07-22 17:53:42,11,35,31.428571428571427
2026-07-22 19:06:19,9,35,25.71428571428571
2026-07-22 20:18:53,4,35,11.428571428571429
2026-07-22 21:48:38,6,35,17.142857142857142
2026-07-22 22:48:30,6,35,17.142857142857142
2026-07-22 23:53:14,2,35,5.714285714285714
2026-07-23 00:44:50,0,35,0
2026-07-23 01:43:16,0,35,0
2026-07-23 03:13:04,0,35,0
2026-07-23 07:47:37,7,35,20
2026-07-23 10:02:27,10,35,28.57142857142857
2026-07-23 12:32:05,15,35,42.857142857142854
2026-07-23 14:10:55,9,35,25.71428571428571
2026-07-23 16:29:29,5,35,14.285714285714285
2026-07-23 18:08:51,14,35,40
2026-07-23 19:43:33,6,35,17.142857142857142
2026-07-23 20:49:38,6,35,17.142857142857142
2026-07-23 22:02:46,2,35,5.714285714285714
2026-07-23 23:16:41,2,35,5.714285714285714
2026-07-24 00:16:55,0,35,0
2026-07-24 01:14:00,0,35,0
2026-07-24 02:11:30,0,35,0
2026-07-24 07:43:39,2,35,5.714285714285714
2026-07-24 09:57:49,10,35,28.57142857142857
2026-07-24 12:18:52,13,35,37.142857142857146
2026-07-24 13:57:06,9,35,25.71428571428571
2026-07-24 15:43:16,11,35,31.428571428571427
2026-07-24 17:16:28,15,35,42.857142857142854
2026-07-24 18:58:31,3,35,8.571428571428571
2026-07-24 20:19:50,2,35,5.714285714285714
2026-07-24 21:50:39,5,35,14.285714285714285
2026-07-24 22:51:48,4,35,11.428571428571429
2026-07-24 23:50:01,2,35,5.714285714285714
2026-07-25 00:45:23,0,35,0
2026-07-25 01:44:58,0,35,0
2026-07-25 03:11:54,0,35,0
2026-07-25 07:37:52,4,35,11.428571428571429
2026-07-25 09:35:20,8,35,22.857142857142858
2026-07-25 11:19:18,19,35,54.285714285714285
2026-07-25 12:47:26,14,35,40
2026-07-25 13:51:54,15,35,42.857142857142854
2026-07-25 14:50:52,16,35,45.714285714285715
2026-07-25 16:23:09,13,35,37.142857142857146
2026-07-25 17:33:27,14,35,40
2026-07-25 18:27:40,11,35,31.428571428571427
2026-07-25 19:31:38,6,35,17.142857142857142
2026-07-25 20:29:05,10,35,28.57142857142857
2026-07-25 21:44:21,6,35,17.142857142857142
2026-07-25 22:33:12,2,35,5.714285714285714
2026-07-25 23:28:44,4,35,11.428571428571429
2026-07-26 00:27:38,0,35,0
2026-07-26 01:29:50,0,35,0
2026-07-26 03:08:04,0,35,0
2026-07-26 07:54:05,4,35,11.428571428571429
2026-07-26 10:09:27,5,35,14.285714285714285
2026-07-26 12:10:55,22,35,62.857142857142854
2026-07-26 13:35:44,17,35,48.57142857142857
2026-07-26 14:41:43,12,35,34.285714285714285
2026-07-26 16:14:19,12,35,34.285714285714285
2026-07-26 17:31:33,6,35,17.142857142857142
2026-07-26 18:30:02,4,35,11.428571428571429
2026-07-26 19:35:01,7,35,20
2026-07-26 20:37:38,12,35,34.285714285714285
2026-07-26 21:49:21,8,35,22.857142857142858
2026-07-26 22:40:22,6,35,17.142857142857142
2026-07-26 23:37:40,5,35,14.285714285714285
2026-07-27 00:38:05,0,35,0
2026-07-27 01:38:09,0,35,0
2026-07-27 03:15:27,0,35,0
2026-07-27 08:22:04,8,35,22.857142857142858
2026-07-27 12:12:22,9,35,25.71428571428571
2026-07-27 15:21:39,19,35,54.285714285714285
2026-07-27 17:56:15,14,35,40
2026-07-27 19:39:28,18,35,51.42857142857142
2026-07-27 21:00:24,21,35,60
2026-07-27 22:26:07,4,35,11.428571428571429
2026-07-27 23:36:32,1,35,2.857142857142857
2026-07-28 00:38:39,0,35,0
2026-07-28 01:41:25,0,35,0
2026-07-28 03:02:18,0,35,0
2026-07-28 07:40:19,6,35,17.142857142857142
2026-07-28 10:05:14,16,35,45.714285714285715
2026-07-28 12:43:02,19,35,54.285714285714285
2026-07-28 14:25:13,14,35,40
2026-07-28 16:57:02,20,35,57.14285714285714
2026-07-28 18:39:30,10,35,28.57142857142857
2026-07-28 20:01:54,21,35,60
2026-07-28 21:44:59,6,35,17.142857142857142
2026-07-28 22:48:42,4,35,11.428571428571429
2026-07-28 23:49:27,3,35,8.571428571428571
2026-07-29 00:44:39,0,35,0
2026-07-29 01:42:24,0,35,0
2026-07-29 03:09:00,0,35,0
2026-07-29 07:45:00,6,35,17.142857142857142
2026-07-29 10:10:37,15,35,42.857142857142854
2026-07-29 12:47:40,15,35,42.857142857142854
2026-07-29 14:51:24,13,35,37.142857142857146
2026-07-29 17:00:01,26,35,74.28571428571429
2026-07-29 18:25:51,11,35,31.428571428571427
2026-07-29 19:46:02,18,35,51.42857142857142
2026-07-29 20:42:25,11,35,31.428571428571427
2026-07-29 22:00:31,5,35,14.285714285714285
2026-07-29 23:05:08,4,35,11.428571428571429
2026-07-30 00:08:49,0,35,0
2026-07-30 01:11:37,0,35,0
2026-07-30 02:09:32,0,35,0
2026-07-30 07:33:41,5,35,14.285714285714285
2026-07-30 09:55:34,9,35,25.71428571428571
2026-07-30 12:20:10,16,35,45.714285714285715
2026-07-30 14:08:40,15,35,42.857142857142854
2026-07-30 16:28:22,33,35,94.28571428571428
2026-07-30 18:06:03,24,35,68.57142857142857
2026-07-30 19:43:52,14,35,40
2026-07-30 21:01:18,8,35,22.857142857142858
2026-07-30 22:20:07,6,35,17.142857142857142
2026-07-30 23:36:30,0,35,0
2026-07-31 00:43:04,0,35,0
2026-07-31 01:41:52,0,35,0
2026-07-31 03:13:18,0,35,0
2026-07-31 08:05:28,8,35,22.857142857142858
2026-07-31 11:13:25,14,35,40
2026-07-31 13:35:01,9,35,25.71428571428571
2026-07-31 15:16:02,9,35,25.71428571428571
2026-07-31 17:30:07,14,35,40
2026-07-31 19:06:40,12,35,34.285714285714285
2026-07-31 20:41:31,7,35,20
2026-07-31 22:07:37,4,35,11.428571428571429
2026-07-31 23:17:25,5,35,14.285714285714285
2026-08-01 00:16:41,0,35,0
2026-08-01 01:17:15,0,35,0
2026-08-01 02:13:12,0,35,0
2026-08-01 07:49:08,1,35,2.857142857142857
2026-08-01 09:53:08,12,35,34.285714285714285
2026-08-01 11:47:45,27,35,77.14285714285715
2026-08-01 13:06:12,18,35,51.42857142857142
2026-08-01 14:09:28,9,35,25.71428571428571
2026-08-01 15:51:06,8,35,22.857142857142858
2026-08-01 16:49:20,7,35,20
2026-08-01 17:46:03,11,35,31.428571428571427
2026-08-01 18:38:54,6,35,17.142857142857142
2026-08-01 19:41:27,5,35,14.285714285714285
2026-08-01 20:39:22,5,35,14.285714285714285
2026-08-01 21:51:40,6,35,17.142857142857142
2026-08-01 22:36:47,3,35,8.571428571428571
2026-08-01 23:31:23,0,35,0
2026-08-02 00:29:47,0,35,0
2026-08-02 01:30:13,0,35,0
2026-08-02 03:08:06,0,35,0
2026-08-02 07:49:55,2,35,5.714285714285714
2026-08-02 09:55:15,7,35,20
2026-08-02 11:50:42,19,35,54.285714285714285
2026-08-02 13:07:25,14,35,40
2026-08-02 14:11:39,20,35,57.14285714285714
2026-08-02 15:52:57,18,35,51.42857142857142
2026-08-02 16:52:30,19,35,54.285714285714285
2026-08-02 17:48:34,12,35,34.285714285714285
2026-08-02 18:39:46,11,35,31.428571428571427
2026-08-02 19:42:27,13,35,37.142857142857146
2026-08-02 20:41:18,14,35,40
2026-08-02 21:52:24,11,35,31.428571428571427
2026-08-02 22:39:15,3,35,8.571428571428571
2026-08-02 23:34:06,1,35,2.857142857142857
2026-08-03 00:31:35,0,35,0
2026-08-03 01:31:45,0,35,0
2026-08-03 03:09:02,0,35,0
2026-08-03 08:14:03,3,35,8.571428571428571
2026-08-03 12:06:03,17,35,48.57142857142857
2026-08-03 15:17:03,10,35,28.57142857142857
2026-08-03 17:56:08,38,35,108.57142857142857
2026-08-03 19:47:28,15,35,42.857142857142854
2026-08-03 21:10:55,10,35,28.57142857142857
2026-08-03 22:38:06,8,35,22.857142857142858
2026-08-03 23:45:48,3,35,8.571428571428571
2026-08-04 00:42:26,0,35,0
2026-08-04 01:47:54,0,35,0
2026-08-04 03:09:22,0,35,0
2026-08-04 07:41:35,11,35,31.428571428571427
2026-08-04 10:08:11,9,35,25.71428571428571
2026-08-04 12:48:06,18,35,51.42857142857142
2026-08-04 14:30:30,19,35,54.285714285714285
2026-08-04 17:04:06,23,35,65.71428571428571
2026-08-04 18:59:29,17,35,48.57142857142857
2026-08-04 20:41:17,28,35,80
2026-08-04 22:11:40,12,35,34.285714285714285
2026-08-04 23:34:57,1,35,2.857142857142857
2026-08-05 00:39:38,0,35,0
2026-08-05 01:40:20,0,35,0
2026-08-05 03:03:14,0,35,0
2026-08-05 07:40:48,8,35,22.857142857142858
2026-08-05 10:07:11,9,35,25.71428571428571
2026-08-05 12:44:37,10,35,28.57142857142857
2026-08-05 14:26:51,19,35,54.285714285714285
2026-08-05 16:53:56,32,35,91.42857142857143
2026-08-05 18:25:39,36,35,102.85714285714285
2026-08-05 20:01:27,26,35,74.28571428571429
2026-08-05 21:47:05,11,35,31.428571428571427
2026-08-05 22:46:53,4,35,11.428571428571429
2026-08-05 23:58:20,1,35,2.857142857142857
2026-08-06 01:01:44,0,35,0
2026-08-06 02:05:53,0,35,0
2026-08-06 07:41:32,15,35,42.857142857142854
2026-08-06 10:05:36,15,35,42.857142857142854
2026-08-06 12:47:06,19,35,54.285714285714285
2026-08-06 14:30:47,13,35,37.142857142857146
2026-08-06 16:56:15,28,35,80
2026-08-07 02:17:50,0,35,0
2026-08-07 06:49:53,8,35,22.857142857142858
2026-08-07 08:00:44,11,35,31.428571428571427
2026-08-07 09:35:47,13,35,37.142857142857146
2026-08-07 10:36:27,18,35,51.42857142857142
2026-08-07 11:36:55,25,35,71.42857142857143
2026-08-07 12:30:02,21,35,60
2026-08-07 13:24:06,15,35,42.857142857142854
2026-08-07 14:05:16,11,35,31.428571428571427
2026-08-07 15:31:55,22,35,62.857142857142854
2026-08-07 16:33:21,25,35,71.42857142857143
2026-08-07 17:28:36,25,35,71.42857142857143
2026-08-07 18:24:35,24,35,68.57142857142857
2026-08-07 19:13:46,12,35,34.285714285714285
2026-08-07 20:02:22,12,35,34.285714285714285
2026-08-07 21:08:23,8,35,22.857142857142858
2026-08-07 21:56:33,5,35,14.285714285714285
2026-08-07 22:37:40,3,35,8.571428571428571
2026-08-07 23:19:36,5,35,14.285714285714285
2026-08-07 23:58:54,3,35,8.571428571428571
2026-08-08 00:40:05,0,35,0
2026-08-08 01:16:03,0,35,0
2026-08-08 01:49:35,0,35,0
2026-08-08 02:34:31,0,35,0
2026-08-08 06:07:20,0,35,0
2026-08-08 07:07:18,3,35,8.571428571428571
2026-08-08 07:53:00,6,35,17.142857142857142
2026-08-08 08:30:17,8,35,22.857142857142858
2026-08-08 09:31:15,11,35,31.428571428571427
2026-08-08 10:08:01,13,35,37.142857142857146
2026-08-08 10:56:23,35,35,100
2026-08-08 11:34:12,32,35,91.42857142857143
2026-08-08 12:04:42,22,35,62.857142857142854
2026-08-08 12:45:44,19,35,54.285714285714285
2026-08-08 13:12:03,18,35,51.42857142857142
2026-08-08 13:41:58,14,35,40
2026-08-08 14:01:20,13,35,37.142857142857146
2026-08-08 15:04:47,9,35,25.71428571428571
2026-08-08 15:52:36,18,35,51.42857142857142
2026-08-08 16:20:11,21,35,60
2026-08-08 16:53:21,15,35,42.857142857142854
2026-08-08 17:18:04,14,35,40
2026-08-08 17:49:34,8,35,22.857142857142858
2026-08-08 18:14:04,6,35,17.142857142857142
2026-08-08 18:52:36,8,35,22.857142857142858
2026-08-08 19:18:19,7,35,20
2026-08-08 19:50:26,4,35,11.428571428571429
2026-08-08 20:15:38,2,35,5.714285714285714
2026-08-08 21:00:40,7,35,20
2026-08-08 21:36:24,6,35,17.142857142857142
2026-08-08 21:58:19,5,35,14.285714285714285
2026-08-08 22:32:07,6,35,17.142857142857142
2026-08-08 23:00:45,6,35,17.142857142857142
2026-08-08 23:37:54,3,35,8.571428571428571
2026-08-08 23:59:46,1,35,2.857142857142857
2026-08-09 00:35:39,0,35,0
2026-08-09 01:00:48,0,35,0
2026-08-09 01:36:03,0,35,0
2026-08-09 01:58:35,0,35,0
2026-08-09 06:13:04,1,35,2.857142857142857
2026-08-09 07:18:09,2,35,5.714285714285714
2026-08-09 08:02:02,3,35,8.571428571428571
2026-08-09 09:08:33,9,35,25.71428571428571
2026-08-09 09:58:24,17,35,48.57142857142857
2026-08-09 10:45:26,18,35,51.42857142857142
2026-08-09 11:23:31,22,35,62.857142857142854
2026-08-09 12:02:00,20,35,57.14285714285714
2026-08-09 12:44:34,21,35,60
2026-08-09 13:12:48,29,35,82.85714285714286
2026-08-09 13:45:14,23,35,65.71428571428571
2026-08-09 14:15:56,24,35,68.57142857142857
2026-08-09 15:17:32,20,35,57.14285714285714
2026-08-09 16:01:46,12,35,34.285714285714285
2026-08-09 16:43:46,16,35,45.714285714285715
2026-08-09 17:13:01,24,35,68.57142857142857
2026-08-09 17:46:25,20,35,57.14285714285714
2026-08-09 18:13:44,16,35,45.714285714285715
2026-08-09 18:54:39,21,35,60
2026-08-09 19:23:06,16,35,45.714285714285715
2026-08-09 19:53:46,8,35,22.857142857142858
2026-08-09 20:24:17,11,35,31.428571428571427
2026-08-09 21:09:30,8,35,22.857142857142858
2026-08-09 21:46:19,11,35,31.428571428571427
2026-08-09 22:12:12,11,35,31.428571428571427
2026-08-09 22:50:52,6,35,17.142857142857142
2026-08-09 23:17:22,3,35,8.571428571428571
2026-08-09 23:50:59,0,35,0
2026-08-10 00:14:10,0,35,0
2026-08-10 00:50:52,0,35,0
2026-08-10 01:15:32,0,35,0
2026-08-10 01:48:36,0,35,0
2026-08-10 02:38:13,0,35,0
2026-08-10 06:24:24,7,35,20
2026-08-10 07:52:09,8,35,22.857142857142858
2026-08-10 09:00:01,12,35,34.285714285714285
2026-08-10 10:44:33,15,35,42.857142857142854
2026-08-10 12:01:58,21,35,60
2026-08-10 13:15:37,11,35,31.428571428571427
2026-08-10 14:00:54,11,35,31.428571428571427
2026-08-10 15:34:20,25,35,71.42857142857143
2026-08-10 16:39:23,32,35,91.42857142857143
2026-08-10 17:35:27,41,35,117.14285714285715
2026-08-10 18:26:29,37,35,105.71428571428572
2026-08-10 19:24:17,29,35,82.85714285714286
2026-08-10 20:10:27,31,35,88.57142857142857
2026-08-10 21:14:32,18,35,51.42857142857142
2026-08-10 22:02:47,13,35,37.142857142857146
2026-08-10 22:54:46,6,35,17.142857142857142
2026-08-10 23:33:44,3,35,8.571428571428571
2026-08-11 00:09:38,0,35,0
2026-08-11 00:54:46,0,35,0
2026-08-11 01:27:15,0,35,0
2026-08-11 02:00:20,0,35,0
2026-08-11 06:14:09,6,35,17.142857142857142
2026-08-11 07:29:15,13,35,37.142857142857146
2026-08-11 08:28:32,12,35,34.285714285714285
2026-08-11 09:45:46,13,35,37.142857142857146
2026-08-11 10:38:11,14,35,40
2026-08-11 11:38:35,11,35,31.428571428571427
2026-08-11 12:30:40,13,35,37.142857142857146
2026-08-11 13:23:13,19,35,54.285714285714285
2026-08-11 14:03:48,23,35,65.71428571428571
2026-08-11 15:34:05,14,35,40
2026-08-11 16:38:21,42,35,120
2026-08-11 17:34:50,36,35,102.85714285714285
2026-08-11 18:28:26,30,35,85.71428571428571
2026-08-11 19:28:03,23,35,65.71428571428571
2026-08-11 20:24:48,16,35,45.714285714285715
2026-08-11 21:31:47,12,35,34.285714285714285
2026-08-11 22:18:01,10,35,28.57142857142857
2026-08-11 23:06:51,5,35,14.285714285714285
2026-08-11 23:59:24,2,35,5.714285714285714
2026-08-12 00:49:30,0,35,0
2026-08-12 01:24:37,0,35,0
2026-08-12 02:05:07,0,35,0
2026-08-12 06:42:31,11,35,31.428571428571427
2026-08-12 08:03:57,15,35,42.857142857142854
2026-08-12 09:45:39,15,35,42.857142857142854
2026-08-12 10:52:01,23,35,65.71428571428571
2026-08-12 11:49:48,19,35,54.285714285714285
2026-08-12 12:45:04,15,35,42.857142857142854
2026-08-12 13:32:43,13,35,37.142857142857146
2026-08-12 14:27:05,11,35,31.428571428571427
2026-08-12 15:55:58,15,35,42.857142857142854
2026-08-12 16:52:16,25,35,71.42857142857143
2026-08-12 17:44:31,25,35,71.42857142857143
2026-08-12 18:37:29,26,35,74.28571428571429
2026-08-12 19:36:49,22,35,62.857142857142854
2026-08-12 20:30:54,16,35,45.714285714285715
2026-08-12 21:40:08,13,35,37.142857142857146
2026-08-12 22:21:00,9,35,25.71428571428571
2026-08-12 23:07:47,6,35,17.142857142857142
2026-08-12 23:58:52,1,35,2.857142857142857
2026-08-13 00:45:07,0,35,0
2026-08-13 01:23:43,0,35,0
2026-08-13 02:04:50,0,35,0
2026-08-13 06:45:54,10,35,28.57142857142857
2026-08-13 08:06:19,12,35,34.285714285714285
2026-08-13 09:47:45,9,35,25.71428571428571
2026-08-13 10:55:55,16,35,45.714285714285715
2026-08-13 11:59:35,8,35,22.857142857142858
2026-08-13 13:03:44,18,35,51.42857142857142
2026-08-13 13:54:54,14,35,40
2026-08-13 14:54:02,17,35,48.57142857142857
2026-08-13 16:15:50,29,35,82.85714285714286
2026-08-13 17:16:55,34,35,97.14285714285714
2026-08-13 18:11:38,33,35,94.28571428571428
2026-08-13 19:10:50,20,35,57.14285714285714
2026-08-13 20:05:38,19,35,54.285714285714285
2026-08-13 21:15:52,15,35,42.857142857142854
2026-08-13 22:00:10,21,35,60
2026-08-13 22:52:52,6,35,17.142857142857142
2026-08-13 23:32:27,7,35,20
2026-08-14 00:20:23,0,35,0
2026-08-14 01:06:53,0,35,0
2026-08-14 01:53:34,0,35,0
2026-08-14 03:02:13,0,35,0
2026-08-14 06:43:39,7,35,20
2026-08-14 08:04:50,12,35,34.285714285714285
2026-08-14 09:45:28,12,35,34.285714285714285
2026-08-14 10:48:32,17,35,48.57142857142857
2026-08-14 11:45:21,15,35,42.857142857142854
2026-08-14 12:40:52,12,35,34.285714285714285
2026-08-14 13:26:58,11,35,31.428571428571427
2026-08-14 14:07:09,7,35,20
2026-08-14 15:35:30,22,35,62.857142857142854
2026-08-14 16:33:50,25,35,71.42857142857143
2026-08-14 17:24:28,19,35,54.285714285714285
2026-08-14 18:12:09,18,35,51.42857142857142
2026-08-14 19:10:17,14,35,40
2026-08-14 20:04:32,11,35,31.428571428571427
2026-08-14 21:07:47,8,35,22.857142857142858
2026-08-14 21:52:49,5,35,14.285714285714285
2026-08-14 22:18:55,5,35,14.285714285714285
2026-08-14 22:49:20,6,35,17.142857142857142
2026-08-14 23:10:48,5,35,14.285714285714285
2026-08-14 23:38:45,1,35,2.857142857142857
2026-08-14 23:56:17,0,35,0
2026-08-15 00:18:41,0,35,0
2026-08-15 00:43:31,0,35,0
2026-08-15 01:00:03,0,35,0
2026-08-15 01:27:42,0,35,0
2026-08-15 01:47:37,0,35,0
2026-08-15 02:01:50,0,35,0
2026-08-15 05:32:39,0,35,0
2026-08-15 06:05:31,3,35,8.571428571428571
2026-08-15 06:41:40,5,35,14.285714285714285
2026-08-15 07:01:38,3,35,8.571428571428571
2026-08-15 07:32:47,4,35,11.428571428571429
2026-08-15 07:54:14,5,35,14.285714285714285
2026-08-15 08:22:09,7,35,20
2026-08-15 09:02:35,11,35,31.428571428571427
2026-08-15 09:36:50,16,35,45.714285714285715
2026-08-15 09:55:52,20,35,57.14285714285714
2026-08-15 10:21:10,28,35,80
2026-08-15 10:49:36,26,35,74.28571428571429
2026-08-15 11:11:28,30,35,85.71428571428571
2026-08-15 11:39:19,24,35,68.57142857142857
2026-08-15 11:56:26,28,35,80
2026-08-15 12:18:51,25,35,71.42857142857143
2026-08-15 12:42:46,25,35,71.42857142857143
2026-08-15 12:58:42,27,35,77.14285714285715
2026-08-15 13:22:33,19,35,54.285714285714285
2026-08-15 13:40:18,21,35,60
2026-08-15 13:55:06,25,35,71.42857142857143
2026-08-15 14:24:25,18,35,51.42857142857142
2026-08-15 15:05:34,11,35,31.428571428571427
2026-08-15 15:38:03,7,35,20
2026-08-15 15:56:21,7,35,20
2026-08-15 16:18:39,19,35,54.285714285714285
2026-08-15 16:42:10,19,35,54.285714285714285
2026-08-15 16:58:36,17,35,48.57142857142857
2026-08-15 17:23:33,9,35,25.71428571428571
